Timestamp,Waterniveau
2025-05-09 09:00:00,-0.704
2025-05-09 10:00:00,-0.707
2025-05-09 11:00:00,-0.712
2025-05-09 12:00:00,-0.718
2025-05-09 13:00:00,-0.719
2025-05-09 14:00:00,-0.716
2025-05-09 15:00:00,-0.723
2025-05-09 16:00:00,-0.719
2025-05-09 17:00:00,-0.729
2025-05-09 18:00:00,-0.727
2025-05-09 19:00:00,-0.723
2025-05-09 20:00:00,-0.724
2025-05-09 21:00:00,-0.728
2025-05-09 22:00:00,-0.727
2025-05-09 23:00:00,-0.735
2025-05-10 00:00:00,-0.727
2025-05-10 01:00:00,-0.732
2025-05-10 02:00:00,-0.731
2025-05-10 03:00:00,-0.728
2025-05-10 04:00:00,-0.73
2025-05-10 05:00:00,-0.728
2025-05-10 06:00:00,-0.728
2025-05-10 07:00:00,-0.731
2025-05-10 08:00:00,-0.726
2025-05-10 09:00:00,-0.723
2025-05-10 10:00:00,-0.724
2025-05-10 11:00:00,-0.724
2025-05-10 12:00:00,-0.726
2025-05-10 13:00:00,-0.729
2025-05-10 14:00:00,-0.723
2025-05-10 15:00:00,-0.726
2025-05-10 16:00:00,-0.732
2025-05-10 17:00:00,-0.728
2025-05-10 18:00:00,-0.735
2025-05-10 19:00:00,-0.731
2025-05-10 20:00:00,-0.737
2025-05-10 21:00:00,-0.737
2025-05-10 22:00:00,-0.737
2025-05-10 23:00:00,-0.738
2025-05-11 00:00:00,-0.736
2025-05-11 01:00:00,-0.735
2025-05-11 02:00:00,-0.731
2025-05-11 03:00:00,-0.731
2025-05-11 04:00:00,-0.733
2025-05-11 05:00:00,-0.732
2025-05-11 06:00:00,-0.731
2025-05-11 07:00:00,-0.73
2025-05-11 08:00:00,-0.729
2025-05-11 09:00:00,-0.73
2025-05-11 10:00:00,-0.728
2025-05-11 11:00:00,-0.726
2025-05-11 12:00:00,-0.721
2025-05-11 13:00:00,-0.733
2025-05-11 14:00:00,-0.738
2025-05-11 15:00:00,-0.738
2025-05-11 16:00:00,-0.745
2025-05-11 17:00:00,-0.741
2025-05-11 18:00:00,-0.745
2025-05-11 19:00:00,-0.741
2025-05-11 20:00:00,-0.744
2025-05-11 21:00:00,-0.747
2025-05-11 22:00:00,-0.747
2025-05-11 23:00:00,-0.749
2025-05-12 00:00:00,-0.747
2025-05-12 01:00:00,-0.745
2025-05-12 02:00:00,-0.743
2025-05-12 03:00:00,-0.742
2025-05-12 04:00:00,-0.741
2025-05-12 05:00:00,-0.741
2025-05-12 06:00:00,-0.739
2025-05-12 07:00:00,-0.74
2025-05-12 08:00:00,-0.735
2025-05-12 09:00:00,-0.735
2025-05-12 10:00:00,-0.739
2025-05-12 11:00:00,-0.733
2025-05-12 12:00:00,-0.741
2025-05-12 13:00:00,-0.742
2025-05-12 14:00:00,-0.744
2025-05-12 15:00:00,-0.741
2025-05-12 16:00:00,-0.746
2025-05-12 17:00:00,-0.748
2025-05-12 18:00:00,-0.749
2025-05-12 19:00:00,-0.75
2025-05-12 20:00:00,-0.749
2025-05-12 21:00:00,-0.754
2025-05-12 22:00:00,-0.755
2025-05-12 23:00:00,-0.752
2025-05-13 00:00:00,-0.747
2025-05-13 01:00:00,-0.752
2025-05-13 02:00:00,-0.743
2025-05-13 03:00:00,-0.749
2025-05-13 04:00:00,-0.747
2025-05-13 05:00:00,-0.746
2025-05-13 06:00:00,-0.745
2025-05-13 07:00:00,-0.739
2025-05-13 08:00:00,-0.744
2025-05-13 09:00:00,-0.743
2025-05-13 10:00:00,-0.741
2025-05-13 11:00:00,-0.738
2025-05-13 12:00:00,-0.741
2025-05-13 13:00:00,-0.751
2025-05-13 14:00:00,-0.751
2025-05-13 15:00:00,-0.754
2025-05-13 16:00:00,-0.751
2025-05-13 17:00:00,-0.756
2025-05-13 18:00:00,-0.758
2025-05-13 19:00:00,-0.757
2025-05-13 20:00:00,-0.759
2025-05-13 21:00:00,-0.754
2025-05-13 22:00:00,-0.756
2025-05-13 23:00:00,-0.756
2025-05-14 00:00:00,-0.753
2025-05-14 01:00:00,-0.755
2025-05-14 02:00:00,-0.753
2025-05-14 03:00:00,-0.753
2025-05-14 04:00:00,-0.752
2025-05-14 05:00:00,-0.742
2025-05-14 06:00:00,-0.747
2025-05-14 07:00:00,-0.748
2025-05-14 08:00:00,-0.741
2025-05-14 09:00:00,-0.741
2025-05-14 10:00:00,-0.743
2025-05-14 11:00:00,-0.743
2025-05-14 12:00:00,-0.745
2025-05-14 13:00:00,-0.751
2025-05-14 14:00:00,-0.751
2025-05-14 15:00:00,-0.758
2025-05-14 16:00:00,-0.757
2025-05-14 17:00:00,-0.756
2025-05-14 18:00:00,-0.759
2025-05-14 19:00:00,-0.763
2025-05-14 20:00:00,-0.763
2025-05-14 21:00:00,-0.764
2025-05-14 22:00:00,-0.757
2025-05-14 23:00:00,-0.758
2025-05-15 00:00:00,-0.76
2025-05-15 01:00:00,-0.761
2025-05-15 02:00:00,-0.754
2025-05-15 03:00:00,-0.756
2025-05-15 04:00:00,-0.755
2025-05-15 05:00:00,-0.753
2025-05-15 06:00:00,-0.748
2025-05-15 07:00:00,-0.747
2025-05-15 08:00:00,-0.751
2025-05-15 09:00:00,-0.754
2025-05-15 10:00:00,-0.748
2025-05-15 11:00:00,-0.745
2025-05-15 12:00:00,-0.748
2025-05-15 13:00:00,-0.746
2025-05-15 14:00:00,-0.745
2025-05-15 15:00:00,-0.756
2025-05-15 16:00:00,-0.758
2025-05-15 17:00:00,-0.763
2025-05-15 18:00:00,-0.756
2025-05-15 19:00:00,-0.761
2025-05-15 20:00:00,-0.764
2025-05-15 21:00:00,-0.768
2025-05-15 22:00:00,-0.763
2025-05-15 23:00:00,-0.767
2025-05-16 00:00:00,-0.768
2025-05-16 01:00:00,-0.768
2025-05-16 02:00:00,-0.766
2025-05-16 03:00:00,-0.765
2025-05-16 04:00:00,-0.76
2025-05-16 05:00:00,-0.761
2025-05-16 06:00:00,-0.757
2025-05-16 07:00:00,-0.759
2025-05-16 08:00:00,-0.754
2025-05-16 09:00:00,-0.755
2025-05-16 10:00:00,-0.751
2025-05-16 11:00:00,-0.755
2025-05-16 12:00:00,-0.755
2025-05-16 13:00:00,-0.752
2025-05-16 14:00:00,-0.756
2025-05-16 15:00:00,-0.758
2025-05-16 16:00:00,-0.762
2025-05-16 17:00:00,-0.761
2025-05-16 18:00:00,-0.758
2025-05-16 19:00:00,-0.762
2025-05-16 20:00:00,-0.754
2025-05-16 21:00:00,-0.753
2025-05-16 22:00:00,-0.755
2025-05-16 23:00:00,-0.753
2025-05-17 00:00:00,-0.751
2025-05-17 01:00:00,-0.751
2025-05-17 02:00:00,-0.759
2025-05-17 03:00:00,-0.749
2025-05-17 04:00:00,-0.75
2025-05-17 05:00:00,-0.75
2025-05-17 06:00:00,-0.748
2025-05-17 07:00:00,-0.745
2025-05-17 08:00:00,-0.74
2025-05-17 09:00:00,-0.747
2025-05-17 10:00:00,-0.74
2025-05-17 11:00:00,-0.742
2025-05-17 12:00:00,-0.744
2025-05-17 13:00:00,-0.745
2025-05-17 14:00:00,-0.75
2025-05-17 15:00:00,-0.748
2025-05-17 16:00:00,-0.759
2025-05-17 17:00:00,-0.761
2025-05-17 18:00:00,-0.754
2025-05-17 19:00:00,-0.761
2025-05-17 20:00:00,-0.762
2025-05-17 21:00:00,-0.756
2025-05-17 22:00:00,-0.759
2025-05-17 23:00:00,-0.754
2025-05-18 00:00:00,-0.752
2025-05-18 01:00:00,-0.751
2025-05-18 02:00:00,-0.75
2025-05-18 03:00:00,-0.748
2025-05-18 04:00:00,-0.749
2025-05-18 05:00:00,-0.753
2025-05-18 06:00:00,-0.748
2025-05-18 07:00:00,-0.744
2025-05-18 08:00:00,-0.747
2025-05-18 09:00:00,-0.745
2025-05-18 10:00:00,-0.741
2025-05-18 11:00:00,-0.746
2025-05-18 12:00:00,-0.749
2025-05-18 13:00:00,-0.75
2025-05-18 14:00:00,-0.752
2025-05-18 15:00:00,-0.754
2025-05-18 16:00:00,-0.756
2025-05-18 17:00:00,-0.759
2025-05-18 18:00:00,-0.754
2025-05-18 19:00:00,-0.757
2025-05-18 20:00:00,-0.754
2025-05-18 21:00:00,-0.762
2025-05-18 22:00:00,-0.757
2025-05-18 23:00:00,-0.757
2025-05-19 00:00:00,-0.759
2025-05-19 01:00:00,-0.748
2025-05-19 02:00:00,-0.75
2025-05-19 03:00:00,-0.751
2025-05-19 04:00:00,-0.751
2025-05-19 05:00:00,-0.744
2025-05-19 06:00:00,-0.747
2025-05-19 07:00:00,-0.738
2025-05-19 08:00:00,-0.736
2025-05-19 09:00:00,-0.742
2025-05-19 10:00:00,-0.74
2025-05-19 11:00:00,-0.739
2025-05-19 12:00:00,-0.745
2025-05-19 13:00:00,-0.743
2025-05-19 14:00:00,-0.749
2025-05-19 15:00:00,-0.753
2025-05-19 16:00:00,-0.753
2025-05-19 17:00:00,-0.752
2025-05-19 18:00:00,-0.761
2025-05-19 19:00:00,-0.761
2025-05-19 20:00:00,-0.762
2025-05-19 21:00:00,-0.763
2025-05-19 22:00:00,-0.757
2025-05-19 23:00:00,-0.762
2025-05-20 00:00:00,-0.762
2025-05-20 01:00:00,-0.76
2025-05-20 02:00:00,-0.76
2025-05-20 03:00:00,-0.756
2025-05-20 04:00:00,-0.748
2025-05-20 05:00:00,-0.752
2025-05-20 06:00:00,-0.748
2025-05-20 07:00:00,-0.752
2025-05-20 08:00:00,-0.749
2025-05-20 09:00:00,-0.744
2025-05-20 10:00:00,-0.749
2025-05-20 11:00:00,-0.744
2025-05-20 12:00:00,-0.75
2025-05-20 13:00:00,-0.754
2025-05-20 14:00:00,-0.759
2025-05-20 15:00:00,-0.757
2025-05-20 16:00:00,-0.759
2025-05-20 17:00:00,-0.765
2025-05-20 18:00:00,-0.765
2025-05-20 19:00:00,-0.767
2025-05-20 20:00:00,-0.767
2025-05-20 21:00:00,-0.766
2025-05-20 22:00:00,-0.77
2025-05-20 23:00:00,-0.767
2025-05-21 00:00:00,-0.763
2025-05-21 01:00:00,-0.766
2025-05-21 02:00:00,-0.759
2025-05-21 03:00:00,-0.764
2025-05-21 04:00:00,-0.763
2025-05-21 05:00:00,-0.758
2025-05-21 06:00:00,-0.752
2025-05-21 07:00:00,-0.758
2025-05-21 08:00:00,-0.749
2025-05-21 09:00:00,-0.757
2025-05-21 10:00:00,-0.749
2025-05-21 11:00:00,-0.749
2025-05-21 12:00:00,-0.748
2025-05-21 13:00:00,-0.756
2025-05-21 14:00:00,-0.757
2025-05-21 15:00:00,-0.758
2025-05-21 16:00:00,-0.762
2025-05-21 17:00:00,-0.759
2025-05-21 18:00:00,-0.766
2025-05-21 19:00:00,-0.764
2025-05-21 20:00:00,-0.768
2025-05-21 21:00:00,-0.772
2025-05-21 22:00:00,-0.771
2025-05-21 23:00:00,-0.766
2025-05-22 00:00:00,-0.765
2025-05-22 01:00:00,-0.766
2025-05-22 02:00:00,-0.758
2025-05-22 03:00:00,-0.762
2025-05-22 04:00:00,-0.761
2025-05-22 05:00:00,-0.759
2025-05-22 06:00:00,-0.754
2025-05-22 07:00:00,-0.753
2025-05-22 08:00:00,-0.757
2025-05-22 09:00:00,-0.752
2025-05-22 10:00:00,-0.762
2025-05-22 11:00:00,-0.758
2025-05-22 12:00:00,-0.764
2025-05-22 13:00:00,-0.764
2025-05-22 14:00:00,-0.765
2025-05-22 15:00:00,-0.764
2025-05-22 16:00:00,-0.772
2025-05-22 17:00:00,-0.777
2025-05-22 18:00:00,-0.777
2025-05-22 19:00:00,-0.774
2025-05-22 20:00:00,-0.771
2025-05-22 21:00:00,-0.776
2025-05-22 22:00:00,-0.777
2025-05-22 23:00:00,-0.778
2025-05-23 00:00:00,-0.773
2025-05-23 01:00:00,-0.772
2025-05-23 02:00:00,-0.772
2025-05-23 03:00:00,-0.774
2025-05-23 04:00:00,-0.771
2025-05-23 05:00:00,-0.766
2025-05-23 06:00:00,-0.766
2025-05-23 07:00:00,-0.766
2025-05-23 08:00:00,-0.762
2025-05-23 09:00:00,-0.755
2025-05-23 10:00:00,-0.762
2025-05-23 11:00:00,-0.758
2025-05-23 12:00:00,-0.76
2025-05-23 13:00:00,-0.762
2025-05-23 14:00:00,-0.76
2025-05-23 15:00:00,-0.755
2025-05-23 16:00:00,-0.759
2025-05-23 17:00:00,-0.756
2025-05-23 18:00:00,-0.757
2025-05-23 19:00:00,-0.752
2025-05-23 20:00:00,-0.757
2025-05-23 21:00:00,-0.752
2025-05-23 22:00:00,-0.756
2025-05-23 23:00:00,-0.75
2025-05-24 00:00:00,-0.755
2025-05-24 01:00:00,-0.75
2025-05-24 02:00:00,-0.747
2025-05-24 03:00:00,-0.751
2025-05-24 04:00:00,-0.749
2025-05-24 05:00:00,-0.746
2025-05-24 06:00:00,-0.75
2025-05-24 07:00:00,-0.743
2025-05-24 08:00:00,-0.743
2025-05-24 09:00:00,-0.748
2025-05-24 10:00:00,-0.741
2025-05-24 11:00:00,-0.74
2025-05-24 12:00:00,-0.745
2025-05-24 13:00:00,-0.741
2025-05-24 14:00:00,-0.747
2025-05-24 15:00:00,-0.738
2025-05-24 16:00:00,-0.735
2025-05-24 17:00:00,-0.735
2025-05-24 18:00:00,-0.727
2025-05-24 19:00:00,-0.723
2025-05-24 20:00:00,-0.722
2025-05-24 21:00:00,-0.718
2025-05-24 22:00:00,-0.715
2025-05-24 23:00:00,-0.714
2025-05-25 00:00:00,-0.712
2025-05-25 01:00:00,-0.705
2025-05-25 02:00:00,-0.705
2025-05-25 03:00:00,-0.704
2025-05-25 04:00:00,-0.705
2025-05-25 05:00:00,-0.705
2025-05-25 06:00:00,-0.695
2025-05-25 07:00:00,-0.691
2025-05-25 08:00:00,-0.695
2025-05-25 09:00:00,-0.688
2025-05-25 10:00:00,-0.69
2025-05-25 11:00:00,-0.689
2025-05-25 12:00:00,-0.692
2025-05-25 13:00:00,-0.689
2025-05-25 14:00:00,-0.687
2025-05-25 15:00:00,-0.691
2025-05-25 16:00:00,-0.694
2025-05-25 17:00:00,-0.687
2025-05-25 18:00:00,-0.696
2025-05-25 19:00:00,-0.695
2025-05-25 20:00:00,-0.688
2025-05-25 21:00:00,-0.691
2025-05-25 22:00:00,-0.693
2025-05-25 23:00:00,-0.694
2025-05-26 00:00:00,-0.681
2025-05-26 01:00:00,-0.688
2025-05-26 02:00:00,-0.688
2025-05-26 03:00:00,-0.687
2025-05-26 04:00:00,-0.686
2025-05-26 05:00:00,-0.69
2025-05-26 06:00:00,-0.687
2025-05-26 07:00:00,-0.685
2025-05-26 08:00:00,-0.683
2025-05-26 09:00:00,-0.683
2025-05-26 10:00:00,-0.687
2025-05-26 11:00:00,-0.689
2025-05-26 12:00:00,-0.693
2025-05-26 13:00:00,-0.693
2025-05-26 14:00:00,-0.698
2025-05-26 15:00:00,-0.703
2025-05-26 16:00:00,-0.706
2025-05-26 17:00:00,-0.708
2025-05-26 18:00:00,-0.714
2025-05-26 19:00:00,-0.717
2025-05-26 20:00:00,-0.723
2025-05-26 21:00:00,-0.725
2025-05-26 22:00:00,-0.722
2025-05-26 23:00:00,-0.716
2025-05-27 00:00:00,-0.723
2025-05-27 01:00:00,-0.723
2025-05-27 02:00:00,-0.721
2025-05-27 03:00:00,-0.719
2025-05-27 04:00:00,-0.719
2025-05-27 05:00:00,-0.722
2025-05-27 06:00:00,-0.718
2025-05-27 07:00:00,-0.71
2025-05-27 08:00:00,-0.708
2025-05-27 09:00:00,-0.691
2025-05-27 10:00:00,-0.675
2025-05-27 11:00:00,-0.668
2025-05-27 12:00:00,-0.665
2025-05-27 13:00:00,-0.664
2025-05-27 14:00:00,-0.661
2025-05-27 15:00:00,-0.666
2025-05-27 16:00:00,-0.662
2025-05-27 17:00:00,-0.667
2025-05-27 18:00:00,-0.658
2025-05-27 19:00:00,-0.645
2025-05-27 20:00:00,-0.595
2025-05-27 21:00:00,-0.556
2025-05-27 22:00:00,-0.537
2025-05-27 23:00:00,-0.536
2025-05-28 00:00:00,-0.536
2025-05-28 01:00:00,-0.538
2025-05-28 02:00:00,-0.54
2025-05-28 03:00:00,-0.547
2025-05-28 04:00:00,-0.549
2025-05-28 05:00:00,-0.55
2025-05-28 06:00:00,-0.554
2025-05-28 07:00:00,-0.55
2025-05-28 08:00:00,-0.549
2025-05-28 09:00:00,-0.557
2025-05-28 10:00:00,-0.557
2025-05-28 11:00:00,-0.555
2025-05-28 12:00:00,-0.565
2025-05-28 13:00:00,-0.554
2025-05-28 14:00:00,-0.553
2025-05-28 15:00:00,-0.531
2025-05-28 16:00:00,-0.533
2025-05-28 17:00:00,-0.539
2025-05-28 18:00:00,-0.536
2025-05-28 19:00:00,-0.55
2025-05-28 20:00:00,-0.556
2025-05-28 21:00:00,-0.559
2025-05-28 22:00:00,-0.563
2025-05-28 23:00:00,-0.566
2025-05-29 00:00:00,-0.561
2025-05-29 01:00:00,-0.564
2025-05-29 02:00:00,-0.569
2025-05-29 03:00:00,-0.57
2025-05-29 04:00:00,-0.567
2025-05-29 05:00:00,-0.57
2025-05-29 06:00:00,-0.572
2025-05-29 07:00:00,-0.566
2025-05-29 08:00:00,-0.571
2025-05-29 09:00:00,-0.571
2025-05-29 10:00:00,-0.571
2025-05-29 11:00:00,-0.569
2025-05-29 12:00:00,-0.57
2025-05-29 13:00:00,-0.563
2025-05-29 14:00:00,-0.56
2025-05-29 15:00:00,-0.563
2025-05-29 16:00:00,-0.554
2025-05-29 17:00:00,-0.55
2025-05-29 18:00:00,-0.551
2025-05-29 19:00:00,-0.554
2025-05-29 20:00:00,-0.556
2025-05-29 21:00:00,-0.561
2025-05-29 22:00:00,-0.556
2025-05-29 23:00:00,-0.565
2025-05-30 00:00:00,-0.566
2025-05-30 01:00:00,-0.563
2025-05-30 02:00:00,-0.562
2025-05-30 03:00:00,-0.561
2025-05-30 04:00:00,-0.562
2025-05-30 05:00:00,-0.564
2025-05-30 06:00:00,-0.565
2025-05-30 07:00:00,-0.564
2025-05-30 08:00:00,-0.566
2025-05-30 09:00:00,-0.568
2025-05-30 10:00:00,-0.571
2025-05-30 11:00:00,-0.566
2025-05-30 12:00:00,-0.571
2025-05-30 13:00:00,-0.566
2025-05-30 14:00:00,-0.571
2025-05-30 15:00:00,-0.576
2025-05-30 16:00:00,-0.577
2025-05-30 17:00:00,-0.58
2025-05-30 18:00:00,-0.583
2025-05-30 19:00:00,-0.585
2025-05-30 20:00:00,-0.591
2025-05-30 21:00:00,-0.592
2025-05-30 22:00:00,-0.588
2025-05-30 23:00:00,-0.588
2025-05-31 00:00:00,-0.586
2025-05-31 01:00:00,-0.593
2025-05-31 02:00:00,-0.588
2025-05-31 03:00:00,-0.583
2025-05-31 04:00:00,-0.596
2025-05-31 05:00:00,-0.592
2025-05-31 06:00:00,-0.592
2025-05-31 07:00:00,-0.588
2025-05-31 08:00:00,-0.585
2025-05-31 09:00:00,-0.589
2025-05-31 10:00:00,-0.592
2025-05-31 11:00:00,-0.594
2025-05-31 12:00:00,-0.6
2025-05-31 13:00:00,-0.597
2025-05-31 14:00:00,-0.604
2025-05-31 15:00:00,-0.601
2025-05-31 16:00:00,-0.607
2025-05-31 17:00:00,-0.612
2025-05-31 18:00:00,-0.611
2025-05-31 19:00:00,-0.616
2025-05-31 20:00:00,-0.621
2025-05-31 21:00:00,-0.62
2025-05-31 22:00:00,-0.62
2025-05-31 23:00:00,-0.621
2025-06-01 00:00:00,-0.622
2025-06-01 01:00:00,-0.622
2025-06-01 02:00:00,-0.619
2025-06-01 03:00:00,-0.62
2025-06-01 04:00:00,-0.619
2025-06-01 05:00:00,-0.616
2025-06-01 06:00:00,-0.621
2025-06-01 07:00:00,-0.62
2025-06-01 08:00:00,-0.621
2025-06-01 09:00:00,-0.625
2025-06-01 10:00:00,-0.627
2025-06-01 11:00:00,-0.637
2025-06-01 12:00:00,-0.632
2025-06-01 13:00:00,-0.634
2025-06-01 14:00:00,-0.634
2025-06-01 15:00:00,-0.641
2025-06-01 16:00:00,-0.642
2025-06-01 17:00:00,-0.65
2025-06-01 18:00:00,-0.646
2025-06-01 19:00:00,-0.654
2025-06-01 20:00:00,-0.65
2025-06-01 21:00:00,-0.647
2025-06-01 22:00:00,-0.657
2025-06-01 23:00:00,-0.653
2025-06-02 00:00:00,-0.658
2025-06-02 01:00:00,-0.657
2025-06-02 02:00:00,-0.654
2025-06-02 03:00:00,-0.656
2025-06-02 04:00:00,-0.653
2025-06-02 05:00:00,-0.654
2025-06-02 06:00:00,-0.652
2025-06-02 07:00:00,-0.651
2025-06-02 08:00:00,-0.648
2025-06-02 09:00:00,-0.65
2025-06-02 10:00:00,-0.657
2025-06-02 11:00:00,-0.657
2025-06-02 12:00:00,-0.66
2025-06-02 13:00:00,-0.665
2025-06-02 14:00:00,-0.668
2025-06-02 15:00:00,-0.67
2025-06-02 16:00:00,-0.67
2025-06-02 17:00:00,-0.672
2025-06-02 18:00:00,-0.674
2025-06-02 19:00:00,-0.68
2025-06-02 20:00:00,-0.681
2025-06-02 21:00:00,-0.683
2025-06-02 22:00:00,-0.676
2025-06-02 23:00:00,-0.681
2025-06-03 00:00:00,-0.679
2025-06-03 01:00:00,-0.679
2025-06-03 02:00:00,-0.674
2025-06-03 03:00:00,-0.677
2025-06-03 04:00:00,-0.675
2025-06-03 05:00:00,-0.668
2025-06-03 06:00:00,-0.67
2025-06-03 07:00:00,-0.671
2025-06-03 08:00:00,-0.672
2025-06-03 09:00:00,-0.671
2025-06-03 10:00:00,-0.674
2025-06-03 11:00:00,-0.674
2025-06-03 12:00:00,-0.682
2025-06-03 13:00:00,-0.691
2025-06-03 14:00:00,-0.694
2025-06-03 15:00:00,-0.695
2025-06-03 16:00:00,-0.692
2025-06-03 17:00:00,-0.692
2025-06-03 18:00:00,-0.695
2025-06-03 19:00:00,-0.7
2025-06-03 20:00:00,-0.703
2025-06-03 21:00:00,-0.701
2025-06-03 22:00:00,-0.706
2025-06-03 23:00:00,-0.702
2025-06-04 00:00:00,-0.703
2025-06-04 01:00:00,-0.697
2025-06-04 02:00:00,-0.701
2025-06-04 03:00:00,-0.698
2025-06-04 04:00:00,-0.695
2025-06-04 05:00:00,-0.685
2025-06-04 06:00:00,-0.67
2025-06-04 07:00:00,-0.659
2025-06-04 08:00:00,-0.648
2025-06-04 09:00:00,-0.633
2025-06-04 10:00:00,-0.642
2025-06-04 11:00:00,-0.641
2025-06-04 12:00:00,-0.639
2025-06-04 13:00:00,-0.644
2025-06-04 14:00:00,-0.649
2025-06-04 15:00:00,-0.655
2025-06-04 16:00:00,-0.662
2025-06-04 17:00:00,-0.663
2025-06-04 18:00:00,-0.667
2025-06-04 19:00:00,-0.661
2025-06-04 20:00:00,-0.671
2025-06-04 21:00:00,-0.672
2025-06-04 22:00:00,-0.671
2025-06-04 23:00:00,-0.676
2025-06-05 00:00:00,-0.673
2025-06-05 01:00:00,-0.672
2025-06-05 02:00:00,-0.675
2025-06-05 03:00:00,-0.669
2025-06-05 04:00:00,-0.671
2025-06-05 05:00:00,-0.676
2025-06-05 06:00:00,-0.675
2025-06-05 07:00:00,-0.67
2025-06-05 08:00:00,-0.673
2025-06-05 09:00:00,-0.674
2025-06-05 10:00:00,-0.679
2025-06-05 11:00:00,-0.672
2025-06-05 12:00:00,-0.676
2025-06-05 13:00:00,-0.672
2025-06-05 14:00:00,-0.66
2025-06-05 15:00:00,-0.595
2025-06-05 16:00:00,-0.565
2025-06-05 17:00:00,-0.558
2025-06-05 18:00:00,-0.557
2025-06-05 19:00:00,-0.554
2025-06-05 20:00:00,-0.552
2025-06-05 21:00:00,-0.559
2025-06-05 22:00:00,-0.564
2025-06-05 23:00:00,-0.562
2025-06-06 00:00:00,-0.566
2025-06-06 01:00:00,-0.568
2025-06-06 02:00:00,-0.565
2025-06-06 03:00:00,-0.539
2025-06-06 04:00:00,-0.509
2025-06-06 05:00:00,-0.494
2025-06-06 06:00:00,-0.488
2025-06-06 07:00:00,-0.495
2025-06-06 08:00:00,-0.507
2025-06-06 09:00:00,-0.508
2025-06-06 10:00:00,-0.514
2025-06-06 11:00:00,-0.514
2025-06-06 12:00:00,-0.526
2025-06-06 13:00:00,-0.528
2025-06-06 14:00:00,-0.533
2025-06-06 15:00:00,-0.538
2025-06-06 16:00:00,-0.543
2025-06-06 17:00:00,-0.553
2025-06-06 18:00:00,-0.555
2025-06-06 19:00:00,-0.551
2025-06-06 20:00:00,-0.561
2025-06-06 21:00:00,-0.561
2025-06-06 22:00:00,-0.562
2025-06-06 23:00:00,-0.564
2025-06-07 00:00:00,-0.568
2025-06-07 01:00:00,-0.57
2025-06-07 02:00:00,-0.572
2025-06-07 03:00:00,-0.57
2025-06-07 04:00:00,-0.562
2025-06-07 05:00:00,-0.563
2025-06-07 06:00:00,-0.555
2025-06-07 07:00:00,-0.545
2025-06-07 08:00:00,-0.465
2025-06-07 09:00:00,-0.4
2025-06-07 10:00:00,-0.381
2025-06-07 11:00:00,-0.378
2025-06-07 12:00:00,-0.38
2025-06-07 13:00:00,-0.385
2025-06-07 14:00:00,-0.39
2025-06-07 15:00:00,-0.393
2025-06-07 16:00:00,-0.397
2025-06-07 17:00:00,-0.407
2025-06-07 18:00:00,-0.405
2025-06-07 19:00:00,-0.412
2025-06-07 20:00:00,-0.419
2025-06-07 21:00:00,-0.422
2025-06-07 22:00:00,-0.423
2025-06-07 23:00:00,-0.433
2025-06-08 00:00:00,-0.433
2025-06-08 01:00:00,-0.414
2025-06-08 02:00:00,-0.352
2025-06-08 03:00:00,-0.346
2025-06-08 04:00:00,-0.305
2025-06-08 05:00:00,-0.284
2025-06-08 06:00:00,-0.286
2025-06-08 07:00:00,-0.298
2025-06-08 08:00:00,-0.303
2025-06-08 09:00:00,-0.312
2025-06-08 10:00:00,-0.31
2025-06-08 11:00:00,-0.312
2025-06-08 12:00:00,-0.318
2025-06-08 13:00:00,-0.321
2025-06-08 14:00:00,-0.314
2025-06-08 15:00:00,-0.315
2025-06-08 16:00:00,-0.32
2025-06-08 17:00:00,-0.33
2025-06-08 18:00:00,-0.334
2025-06-08 19:00:00,-0.337
2025-06-08 20:00:00,-0.35
2025-06-08 21:00:00,-0.351
2025-06-08 22:00:00,-0.362
2025-06-08 23:00:00,-0.365
2025-06-09 00:00:00,-0.371
2025-06-09 01:00:00,-0.382
2025-06-09 02:00:00,-0.394
2025-06-09 03:00:00,-0.395
2025-06-09 04:00:00,-0.399
2025-06-09 05:00:00,-0.406
2025-06-09 06:00:00,-0.408
2025-06-09 07:00:00,-0.418
2025-06-09 08:00:00,-0.42
2025-06-09 09:00:00,-0.419
2025-06-09 10:00:00,-0.43
2025-06-09 11:00:00,-0.429
2025-06-09 12:00:00,-0.436
2025-06-09 13:00:00,-0.445
2025-06-09 14:00:00,-0.448
2025-06-09 15:00:00,-0.448
2025-06-09 16:00:00,-0.455
2025-06-09 17:00:00,-0.462
2025-06-09 18:00:00,-0.465
2025-06-09 19:00:00,-0.468
2025-06-09 20:00:00,-0.465
2025-06-09 21:00:00,-0.476
2025-06-09 22:00:00,-0.474
2025-06-09 23:00:00,-0.473
2025-06-10 00:00:00,-0.483
2025-06-10 01:00:00,-0.482
2025-06-10 02:00:00,-0.48
2025-06-10 03:00:00,-0.484
2025-06-10 04:00:00,-0.483
2025-06-10 05:00:00,-0.481
2025-06-10 06:00:00,-0.489
2025-06-10 07:00:00,-0.491
2025-06-10 08:00:00,-0.479
2025-06-10 09:00:00,-0.491
2025-06-10 10:00:00,-0.483
2025-06-10 11:00:00,-0.467
2025-06-10 12:00:00,-0.466
2025-06-10 13:00:00,-0.462
2025-06-10 14:00:00,-0.466
2025-06-10 15:00:00,-0.46
2025-06-10 16:00:00,-0.473
2025-06-10 17:00:00,-0.48
2025-06-10 18:00:00,-0.481
2025-06-10 19:00:00,-0.489
2025-06-10 20:00:00,-0.494
2025-06-10 21:00:00,-0.494
2025-06-10 22:00:00,-0.499
2025-06-10 23:00:00,-0.495
2025-06-11 00:00:00,-0.499
2025-06-11 01:00:00,-0.499
2025-06-11 02:00:00,-0.502
2025-06-11 03:00:00,-0.499
2025-06-11 04:00:00,-0.505
2025-06-11 05:00:00,-0.5
2025-06-11 06:00:00,-0.499
2025-06-11 07:00:00,-0.504
2025-06-11 08:00:00,-0.506
2025-06-11 09:00:00,-0.509
2025-06-11 10:00:00,-0.506
2025-06-11 11:00:00,-0.514
2025-06-11 12:00:00,-0.512
2025-06-11 13:00:00,-0.509
2025-06-11 14:00:00,-0.52
2025-06-11 15:00:00,-0.518
2025-06-11 16:00:00,-0.522
2025-06-11 17:00:00,-0.522
2025-06-11 18:00:00,-0.522
2025-06-11 19:00:00,-0.531
2025-06-11 20:00:00,-0.531
2025-06-11 21:00:00,-0.528
2025-06-11 22:00:00,-0.539
2025-06-11 23:00:00,-0.535
2025-06-12 00:00:00,-0.531
2025-06-12 01:00:00,-0.528
2025-06-12 02:00:00,-0.529
2025-06-12 03:00:00,-0.526
2025-06-12 04:00:00,-0.528
2025-06-12 05:00:00,-0.528
2025-06-12 06:00:00,-0.527
2025-06-12 07:00:00,-0.531
2025-06-12 08:00:00,-0.525
2025-06-12 09:00:00,-0.531
2025-06-12 10:00:00,-0.537
2025-06-12 11:00:00,-0.536
2025-06-12 12:00:00,-0.542
2025-06-12 13:00:00,-0.539
2025-06-12 14:00:00,-0.54
2025-06-12 15:00:00,-0.553
2025-06-12 16:00:00,-0.56
2025-06-12 17:00:00,-0.56
2025-06-12 18:00:00,-0.564
2025-06-12 19:00:00,-0.569
2025-06-12 20:00:00,-0.574
2025-06-12 21:00:00,-0.567
2025-06-12 22:00:00,-0.57
2025-06-12 23:00:00,-0.575
2025-06-13 00:00:00,-0.575
2025-06-13 01:00:00,-0.575
2025-06-13 02:00:00,-0.574
2025-06-13 03:00:00,-0.574
2025-06-13 04:00:00,-0.575
2025-06-13 05:00:00,-0.573
2025-06-13 06:00:00,-0.576
2025-06-13 07:00:00,-0.575
2025-06-13 08:00:00,-0.578
2025-06-13 09:00:00,-0.576
2025-06-13 10:00:00,-0.576
2025-06-13 11:00:00,-0.582
2025-06-13 12:00:00,-0.587
2025-06-13 13:00:00,-0.588
2025-06-13 14:00:00,-0.587
2025-06-13 15:00:00,-0.59
2025-06-13 16:00:00,-0.6
2025-06-13 17:00:00,-0.598
2025-06-13 18:00:00,-0.603
2025-06-13 19:00:00,-0.607
2025-06-13 20:00:00,-0.612
2025-06-13 21:00:00,-0.609
2025-06-13 22:00:00,-0.616
2025-06-13 23:00:00,-0.616
2025-06-14 00:00:00,-0.612
2025-06-14 01:00:00,-0.605
2025-06-14 02:00:00,-0.605
2025-06-14 03:00:00,-0.602
2025-06-14 04:00:00,-0.631
2025-06-14 05:00:00,-0.601
2025-06-14 06:00:00,-0.601
2025-06-14 07:00:00,-0.584
2025-06-14 08:00:00,-0.588
2025-06-14 09:00:00,-0.587
2025-06-14 10:00:00,-0.588
2025-06-14 11:00:00,-0.589
2025-06-14 12:00:00,-0.592
2025-06-14 13:00:00,-0.598
2025-06-14 14:00:00,-0.604
2025-06-14 15:00:00,-0.613
2025-06-14 16:00:00,-0.617
2025-06-14 17:00:00,-0.618
2025-06-14 18:00:00,-0.613
2025-06-14 19:00:00,-0.615
2025-06-14 20:00:00,-0.62
2025-06-14 21:00:00,-0.618
2025-06-14 22:00:00,-0.624
2025-06-14 23:00:00,-0.626
2025-06-15 00:00:00,-0.624
2025-06-15 01:00:00,-0.617
2025-06-15 02:00:00,-0.619
2025-06-15 03:00:00,-0.621
2025-06-15 04:00:00,-0.617
2025-06-15 05:00:00,-0.612
2025-06-15 06:00:00,-0.616
2025-06-15 07:00:00,-0.617
2025-06-15 08:00:00,-0.61
2025-06-15 09:00:00,-0.617
2025-06-15 10:00:00,-0.617
2025-06-15 11:00:00,-0.619
2025-06-15 12:00:00,-0.626
2025-06-15 13:00:00,-0.631
2025-06-15 14:00:00,-0.637
2025-06-15 15:00:00,-0.639
2025-06-15 16:00:00,-0.64
2025-06-15 17:00:00,-0.641
2025-06-15 18:00:00,-0.646
2025-06-15 19:00:00,-0.644
2025-06-15 20:00:00,-0.649
2025-06-15 21:00:00,-0.653
2025-06-15 22:00:00,-0.645
2025-06-15 23:00:00,-0.651
2025-06-16 00:00:00,-0.651
2025-06-16 01:00:00,-0.652
2025-06-16 02:00:00,-0.649
2025-06-16 03:00:00,-0.649
2025-06-16 04:00:00,-0.647
2025-06-16 05:00:00,-0.648
2025-06-16 06:00:00,-0.645
2025-06-16 07:00:00,-0.649
2025-06-16 08:00:00,-0.645
2025-06-16 09:00:00,-0.645
2025-06-16 10:00:00,-0.644
2025-06-16 11:00:00,-0.647
2025-06-16 12:00:00,-0.651
2025-06-16 13:00:00,-0.648
2025-06-16 14:00:00,-0.653
2025-06-16 15:00:00,-0.663
2025-06-16 16:00:00,-0.659
2025-06-16 17:00:00,-0.668
2025-06-16 18:00:00,-0.669
2025-06-16 19:00:00,-0.669
2025-06-16 20:00:00,-0.672
2025-06-16 21:00:00,-0.663
2025-06-16 22:00:00,-0.672
2025-06-16 23:00:00,-0.667
2025-06-17 00:00:00,-0.672
2025-06-17 01:00:00,-0.675
2025-06-17 02:00:00,-0.667
2025-06-17 03:00:00,-0.665
2025-06-17 04:00:00,-0.666
2025-06-17 05:00:00,-0.662
2025-06-17 06:00:00,-0.662
2025-06-17 07:00:00,-0.665
2025-06-17 08:00:00,-0.662
2025-06-17 09:00:00,-0.664
2025-06-17 10:00:00,-0.663
2025-06-17 11:00:00,-0.667
2025-06-17 12:00:00,-0.669
2025-06-17 13:00:00,-0.675
2025-06-17 14:00:00,-0.68
2025-06-17 15:00:00,-0.681
2025-06-17 16:00:00,-0.679
2025-06-17 17:00:00,-0.678
2025-06-17 18:00:00,-0.688
2025-06-17 19:00:00,-0.682
2025-06-17 20:00:00,-0.691
2025-06-17 21:00:00,-0.684
2025-06-17 22:00:00,-0.687
2025-06-17 23:00:00,-0.694
2025-06-18 00:00:00,-0.684
2025-06-18 01:00:00,-0.682
2025-06-18 02:00:00,-0.689
2025-06-18 03:00:00,-0.678
2025-06-18 04:00:00,-0.679
2025-06-18 05:00:00,-0.68
2025-06-18 06:00:00,-0.678
2025-06-18 07:00:00,-0.672
2025-06-18 08:00:00,-0.68
2025-06-18 09:00:00,-0.678
2025-06-18 10:00:00,-0.683
2025-06-18 11:00:00,-0.686
2025-06-18 12:00:00,-0.682
2025-06-18 13:00:00,-0.689
2025-06-18 14:00:00,-0.69
2025-06-18 15:00:00,-0.699
2025-06-18 16:00:00,-0.697
2025-06-18 17:00:00,-0.7
2025-06-18 18:00:00,-0.701
2025-06-18 19:00:00,-0.701
2025-06-18 20:00:00,-0.701
2025-06-18 21:00:00,-0.7
2025-06-18 22:00:00,-0.704
2025-06-18 23:00:00,-0.704
2025-06-19 00:00:00,-0.698
2025-06-19 01:00:00,-0.706
2025-06-19 02:00:00,-0.703
2025-06-19 03:00:00,-0.696
2025-06-19 04:00:00,-0.7
2025-06-19 05:00:00,-0.697
2025-06-19 06:00:00,-0.702
2025-06-19 07:00:00,-0.696
2025-06-19 08:00:00,-0.701
2025-06-19 09:00:00,-0.698
2025-06-19 10:00:00,-0.693
2025-06-19 11:00:00,-0.708
2025-06-19 12:00:00,-0.702
2025-06-19 13:00:00,-0.7
2025-06-19 14:00:00,-0.71
2025-06-19 15:00:00,-0.709
2025-06-19 16:00:00,-0.711
2025-06-19 17:00:00,-0.712
2025-06-19 18:00:00,-0.712
2025-06-19 19:00:00,-0.714
2025-06-19 20:00:00,-0.71
2025-06-19 21:00:00,-0.714
2025-06-19 22:00:00,-0.716
2025-06-19 23:00:00,-0.715
2025-06-20 00:00:00,-0.71
2025-06-20 01:00:00,-0.714
2025-06-20 02:00:00,-0.715
2025-06-20 03:00:00,-0.712
2025-06-20 04:00:00,-0.716
2025-06-20 05:00:00,-0.708
2025-06-20 06:00:00,-0.705
2025-06-20 07:00:00,-0.708
2025-06-20 08:00:00,-0.711
2025-06-20 09:00:00,-0.706
2025-06-20 10:00:00,-0.705
2025-06-20 11:00:00,-0.703
2025-06-20 12:00:00,-0.714
2025-06-20 13:00:00,-0.713
2025-06-20 14:00:00,-0.713
2025-06-20 15:00:00,-0.713
2025-06-20 16:00:00,-0.717
2025-06-20 17:00:00,-0.717
2025-06-20 18:00:00,-0.72
2025-06-20 19:00:00,-0.729
2025-06-20 20:00:00,-0.722
2025-06-20 21:00:00,-0.726
2025-06-20 22:00:00,-0.72
2025-06-20 23:00:00,-0.722
2025-06-21 00:00:00,-0.725
2025-06-21 01:00:00,-0.721
2025-06-21 02:00:00,-0.72
2025-06-21 03:00:00,-0.72
2025-06-21 04:00:00,-0.718
2025-06-21 05:00:00,-0.718
2025-06-21 06:00:00,-0.708
2025-06-21 07:00:00,-0.709
2025-06-21 08:00:00,-0.715
2025-06-21 09:00:00,-0.712
2025-06-21 10:00:00,-0.712
2025-06-21 11:00:00,-0.715
2025-06-21 12:00:00,-0.716
2025-06-21 13:00:00,-0.722
2025-06-21 14:00:00,-0.721
2025-06-21 15:00:00,-0.724
2025-06-21 16:00:00,-0.729
2025-06-21 17:00:00,-0.732
2025-06-21 18:00:00,-0.737
2025-06-21 19:00:00,-0.728
2025-06-21 20:00:00,-0.737
2025-06-21 21:00:00,-0.734
2025-06-21 22:00:00,-0.733
2025-06-21 23:00:00,-0.737
2025-06-22 00:00:00,-0.735
2025-06-22 01:00:00,-0.735
2025-06-22 02:00:00,-0.734
2025-06-22 03:00:00,-0.73
2025-06-22 04:00:00,-0.731
2025-06-22 05:00:00,-0.734
2025-06-22 06:00:00,-0.735
2025-06-22 07:00:00,-0.727
2025-06-22 08:00:00,-0.728
2025-06-22 09:00:00,-0.731
2025-06-22 10:00:00,-0.727
2025-06-22 11:00:00,-0.735
2025-06-22 12:00:00,-0.737
2025-06-22 13:00:00,-0.734
2025-06-22 14:00:00,-0.739
2025-06-22 15:00:00,-0.733
2025-06-22 16:00:00,-0.736
2025-06-22 17:00:00,-0.742
2025-06-22 18:00:00,-0.744
2025-06-22 19:00:00,-0.747
2025-06-22 20:00:00,-0.749
2025-06-22 21:00:00,-0.749
2025-06-22 22:00:00,-0.75
2025-06-22 23:00:00,-0.749
2025-06-23 00:00:00,-0.743
2025-06-23 01:00:00,-0.745
2025-06-23 02:00:00,-0.742
2025-06-23 03:00:00,-0.74
2025-06-23 04:00:00,-0.745
2025-06-23 05:00:00,-0.743
2025-06-23 06:00:00,-0.739
2025-06-23 07:00:00,-0.738
2025-06-23 08:00:00,-0.735
2025-06-23 09:00:00,-0.737
2025-06-23 10:00:00,-0.741
2025-06-23 11:00:00,-0.736
2025-06-23 12:00:00,-0.742
2025-06-23 13:00:00,-0.744
2025-06-23 14:00:00,-0.747
2025-06-23 15:00:00,-0.751
2025-06-23 16:00:00,-0.751
2025-06-23 17:00:00,-0.752
2025-06-23 18:00:00,-0.754
2025-06-23 19:00:00,-0.752
2025-06-23 20:00:00,-0.751
2025-06-23 21:00:00,-0.748
2025-06-23 22:00:00,-0.754
2025-06-23 23:00:00,-0.754
2025-06-24 00:00:00,-0.751
2025-06-24 01:00:00,-0.756
2025-06-24 02:00:00,-0.748
2025-06-24 03:00:00,-0.753
2025-06-24 04:00:00,-0.748
2025-06-24 05:00:00,-0.75
2025-06-24 06:00:00,-0.747
2025-06-24 07:00:00,-0.743
2025-06-24 08:00:00,-0.739
2025-06-24 09:00:00,-0.745
2025-06-24 10:00:00,-0.742
2025-06-24 11:00:00,-0.75
2025-06-24 12:00:00,-0.748
2025-06-24 13:00:00,-0.75
2025-06-24 14:00:00,-0.75
2025-06-24 15:00:00,-0.753
2025-06-24 16:00:00,-0.752
2025-06-24 17:00:00,-0.755
2025-06-24 18:00:00,-0.75
2025-06-24 19:00:00,-0.752
2025-06-24 20:00:00,-0.752
2025-06-24 21:00:00,-0.763
2025-06-24 22:00:00,-0.758
2025-06-24 23:00:00,-0.758
2025-06-25 00:00:00,-0.757
2025-06-25 01:00:00,-0.755
2025-06-25 02:00:00,-0.757
2025-06-25 03:00:00,-0.756
2025-06-25 04:00:00,-0.757
2025-06-25 05:00:00,-0.752
2025-06-25 06:00:00,-0.747
2025-06-25 07:00:00,-0.752
2025-06-25 08:00:00,-0.748
2025-06-25 09:00:00,-0.747
2025-06-25 10:00:00,-0.749
2025-06-25 11:00:00,-0.75
2025-06-25 12:00:00,-0.751
2025-06-25 13:00:00,-0.753
2025-06-25 14:00:00,-0.75
2025-06-25 15:00:00,-0.755
2025-06-25 16:00:00,-0.756
2025-06-25 17:00:00,-0.757
2025-06-25 18:00:00,-0.756
2025-06-25 19:00:00,-0.75
2025-06-25 20:00:00,-0.756
2025-06-25 21:00:00,-0.755
2025-06-25 22:00:00,-0.757
2025-06-25 23:00:00,-0.762
2025-06-26 00:00:00,-0.758
2025-06-26 01:00:00,-0.756
2025-06-26 02:00:00,-0.753
2025-06-26 03:00:00,-0.757
2025-06-26 04:00:00,-0.742
2025-06-26 05:00:00,-0.744
2025-06-26 06:00:00,-0.75
2025-06-26 07:00:00,-0.751
2025-06-26 08:00:00,-0.753
2025-06-26 09:00:00,-0.75
2025-06-26 10:00:00,-0.752
2025-06-26 11:00:00,-0.749
2025-06-26 12:00:00,-0.752
2025-06-26 13:00:00,-0.749
2025-06-26 14:00:00,-0.747
2025-06-26 15:00:00,-0.751
2025-06-26 16:00:00,-0.752
2025-06-26 17:00:00,-0.752
2025-06-26 18:00:00,-0.75
2025-06-26 19:00:00,-0.755
2025-06-26 20:00:00,-0.755
2025-06-26 21:00:00,-0.761
2025-06-26 22:00:00,-0.753
2025-06-26 23:00:00,-0.761
2025-06-27 00:00:00,-0.755
2025-06-27 01:00:00,-0.754
2025-06-27 02:00:00,-0.753
2025-06-27 03:00:00,-0.753
2025-06-27 04:00:00,-0.753
2025-06-27 05:00:00,-0.747
2025-06-27 06:00:00,-0.744
2025-06-27 07:00:00,-0.753
2025-06-27 08:00:00,-0.746
2025-06-27 09:00:00,-0.742
2025-06-27 10:00:00,-0.742
2025-06-27 11:00:00,-0.739
2025-06-27 12:00:00,-0.737
2025-06-27 13:00:00,-0.735
2025-06-27 14:00:00,-0.743
2025-06-27 15:00:00,-0.743
2025-06-27 16:00:00,-0.738
2025-06-27 17:00:00,-0.744
2025-06-27 18:00:00,-0.746
2025-06-27 19:00:00,-0.749
2025-06-27 20:00:00,-0.75
2025-06-27 21:00:00,-0.753
2025-06-27 22:00:00,-0.756
2025-06-27 23:00:00,-0.756
2025-06-28 00:00:00,-0.756
2025-06-28 01:00:00,-0.754
2025-06-28 02:00:00,-0.752
2025-06-28 03:00:00,-0.754
2025-06-28 04:00:00,-0.746
2025-06-28 05:00:00,-0.749
2025-06-28 06:00:00,-0.744
2025-06-28 07:00:00,-0.744
2025-06-28 08:00:00,-0.748
2025-06-28 09:00:00,-0.742
2025-06-28 10:00:00,-0.742
2025-06-28 11:00:00,-0.748
2025-06-28 12:00:00,-0.749
2025-06-28 13:00:00,-0.75
2025-06-28 14:00:00,-0.753
2025-06-28 15:00:00,-0.747
2025-06-28 16:00:00,-0.751
2025-06-28 17:00:00,-0.756
2025-06-28 18:00:00,-0.761
2025-06-28 19:00:00,-0.761
2025-06-28 20:00:00,-0.761
2025-06-28 21:00:00,-0.761
2025-06-28 22:00:00,-0.761
2025-06-28 23:00:00,-0.766
2025-06-29 00:00:00,-0.762
2025-06-29 01:00:00,-0.76
2025-06-29 02:00:00,-0.765
2025-06-29 03:00:00,-0.763
2025-06-29 04:00:00,-0.758
2025-06-29 05:00:00,-0.753
2025-06-29 06:00:00,-0.751
2025-06-29 07:00:00,-0.75
2025-06-29 08:00:00,-0.75
2025-06-29 09:00:00,-0.749
2025-06-29 10:00:00,-0.75
2025-06-29 11:00:00,-0.749
2025-06-29 12:00:00,-0.754
2025-06-29 13:00:00,-0.757
2025-06-29 14:00:00,-0.756
2025-06-29 15:00:00,-0.761
2025-06-29 16:00:00,-0.758
2025-06-29 17:00:00,-0.76
2025-06-29 18:00:00,-0.76
2025-06-29 19:00:00,-0.766
2025-06-29 20:00:00,-0.762
2025-06-29 21:00:00,-0.767
2025-06-29 22:00:00,-0.764
2025-06-29 23:00:00,-0.763
2025-06-30 00:00:00,-0.769
2025-06-30 01:00:00,-0.764
2025-06-30 02:00:00,-0.759
2025-06-30 03:00:00,-0.765
2025-06-30 04:00:00,-0.763
2025-06-30 05:00:00,-0.758
2025-06-30 06:00:00,-0.759
2025-06-30 07:00:00,-0.754
2025-06-30 08:00:00,-0.755
2025-06-30 09:00:00,-0.756
2025-06-30 10:00:00,-0.75
2025-06-30 11:00:00,-0.751
2025-06-30 12:00:00,-0.76
2025-06-30 13:00:00,-0.761
2025-06-30 14:00:00,-0.763
2025-06-30 15:00:00,-0.766
2025-06-30 16:00:00,-0.768
2025-06-30 17:00:00,-0.769
2025-06-30 18:00:00,-0.772
2025-06-30 19:00:00,-0.77
2025-06-30 20:00:00,-0.772
2025-06-30 21:00:00,-0.772
2025-06-30 22:00:00,-0.774
2025-06-30 23:00:00,-0.775
2025-07-01 00:00:00,-0.775
2025-07-01 01:00:00,-0.774
2025-07-01 02:00:00,-0.769
2025-07-01 03:00:00,-0.772
2025-07-01 04:00:00,-0.773
2025-07-01 05:00:00,-0.772
2025-07-01 06:00:00,-0.771
2025-07-01 07:00:00,-0.773
2025-07-01 08:00:00,-0.769
2025-07-01 09:00:00,-0.764
2025-07-01 10:00:00,-0.771
2025-07-01 11:00:00,-0.775
2025-07-01 12:00:00,-0.771
2025-07-01 13:00:00,-0.773
2025-07-01 14:00:00,-0.776
2025-07-01 15:00:00,-0.775
2025-07-01 16:00:00,-0.779
2025-07-01 17:00:00,-0.782
2025-07-01 18:00:00,-0.778
2025-07-01 19:00:00,-0.791
2025-07-01 20:00:00,-0.784
2025-07-01 21:00:00,-0.785
2025-07-01 22:00:00,-0.796
2025-07-01 23:00:00,-0.801
2025-07-02 00:00:00,-0.792
2025-07-02 01:00:00,-0.798
2025-07-02 02:00:00,-0.789
2025-07-02 03:00:00,-0.794
2025-07-02 04:00:00,-0.787
2025-07-02 05:00:00,-0.78
2025-07-02 06:00:00,-0.799
2025-07-02 07:00:00,-0.781
2025-07-02 08:00:00,-0.782
2025-07-02 09:00:00,-0.793
2025-07-02 10:00:00,-0.783
2025-07-02 11:00:00,-0.784
2025-07-02 12:00:00,-0.786
2025-07-02 13:00:00,-0.788
2025-07-02 14:00:00,-0.787
2025-07-02 15:00:00,-0.798
2025-07-02 16:00:00,-0.791
2025-07-02 17:00:00,-0.806
2025-07-02 18:00:00,-0.801
2025-07-02 19:00:00,-0.807
2025-07-02 20:00:00,-0.807
2025-07-02 21:00:00,-0.801
2025-07-02 22:00:00,-0.803
2025-07-02 23:00:00,-0.805
2025-07-03 00:00:00,-0.798
2025-07-03 01:00:00,-0.8
2025-07-03 02:00:00,-0.799
2025-07-03 03:00:00,-0.802
2025-07-03 04:00:00,-0.799
2025-07-03 05:00:00,-0.798
2025-07-03 06:00:00,-0.796
2025-07-03 07:00:00,-0.799
2025-07-03 08:00:00,-0.797
2025-07-03 09:00:00,-0.793
2025-07-03 10:00:00,-0.795
2025-07-03 11:00:00,-0.797
2025-07-03 12:00:00,-0.794
2025-07-03 13:00:00,-0.798
2025-07-03 14:00:00,-0.802
2025-07-03 15:00:00,-0.802
2025-07-03 16:00:00,-0.801
2025-07-03 17:00:00,-0.792
2025-07-03 18:00:00,-0.804
2025-07-03 19:00:00,-0.802
2025-07-03 20:00:00,-0.804
2025-07-03 21:00:00,-0.806
2025-07-03 22:00:00,-0.811
2025-07-03 23:00:00,-0.808
2025-07-04 00:00:00,-0.807
2025-07-04 01:00:00,-0.806
2025-07-04 02:00:00,-0.81
2025-07-04 03:00:00,-0.806
2025-07-04 04:00:00,-0.806
2025-07-04 05:00:00,-0.807
2025-07-04 06:00:00,-0.807
2025-07-04 07:00:00,-0.804
2025-07-04 08:00:00,-0.806
2025-07-04 09:00:00,-0.802
2025-07-04 10:00:00,-0.804
2025-07-04 11:00:00,-0.808
2025-07-04 12:00:00,-0.807
2025-07-04 13:00:00,-0.809
2025-07-04 14:00:00,-0.808
2025-07-04 15:00:00,-0.813
2025-07-04 16:00:00,-0.813
2025-07-04 17:00:00,-0.813
2025-07-04 18:00:00,-0.817
2025-07-04 19:00:00,-0.812
2025-07-04 20:00:00,-0.814
2025-07-04 21:00:00,-0.817
2025-07-04 22:00:00,-0.822
2025-07-04 23:00:00,-0.821
2025-07-05 00:00:00,-0.821
