file,model,RechargeModel,RechargeRfunc,EVP,R2,RMSE,AIC,BIC,error
BE0341_40_INST_B_GMW_PB1_F-599,BE0341_40_INST_B_GMW_PB1_F-599_FlexModel_DoubleExponential,FlexModel,DoubleExponential,85.8668508981752,0.8583164578742579,0.08016052329847691,-5036.618490316085,-4991.515906910853,
BE0341_40_INST_B_GMW_PB1_F-599,BE0341_40_INST_B_GMW_PB1_F-599_Berendrecht_DoubleExponential,Berendrecht,DoubleExponential,83.7420873213215,0.8368082150215982,0.08603001272317286,-5029.120407828929,-4988.528082764221,
BE0341_40_INST_B_GMW_PB1_F-599,BE0341_40_INST_B_GMW_PB1_F-599_Berendrecht_Gamma,Berendrecht,Gamma,79.78376954292571,0.7967471119841558,0.09601060433771584,-5019.9075143483215,-4983.825447624136,
BE0341_40_INST_B_GMW_PB1_F-599,BE0341_40_INST_B_GMW_PB1_F-599_FlexModel_Gamma,FlexModel,Gamma,79.76552288846996,0.7961476464074022,0.09615208492801704,-5021.736791664418,-4981.14446659971,
BE0341_40_INST_B_GMW_PB1_F-599,BE0341_40_INST_B_GMW_PB1_F-599_Linear_Exponential,Linear,Exponential,78.83347429669344,0.7861623498184068,0.09847884071367459,-5027.634301422358,-5005.083009719742,
BE0341_40_INST_B_GMW_PB1_F-599,BE0341_40_INST_B_GMW_PB1_F-599_Linear_DoubleExponential,Linear,DoubleExponential,78.80445681311726,0.7858383627825413,0.09855341549415075,-5023.6661418775975,-4992.094333493936,
BE0341_40_INST_B_GMW_PB1_F-599,BE0341_40_INST_B_GMW_PB1_F-599_Direct_Hantush,Direct,Hantush,78.32085418535037,0.7831478706096106,0.09917054188688644,-5007.613284992559,-4985.0619932899435,
BE0341_40_INST_B_GMW_PB1_F-599,BE0341_40_INST_B_GMW_PB1_F-599_FlexModel_Exponential,FlexModel,Exponential,77.97520785133966,0.7781115584305085,0.10031553201108656,-5022.261709987655,-4986.17964326347,
BE0341_40_INST_B_GMW_PB1_F-599,BE0341_40_INST_B_GMW_PB1_F-599_Linear_Gamma,Linear,Gamma,77.46044131875408,0.7739703112423774,0.10124733117556632,-5070.2222437046685,-5043.16069366153,
BE0341_40_INST_B_GMW_PB1_F-599,BE0341_40_INST_B_GMW_PB1_F-599_Direct_DoubleExponential,Direct,DoubleExponential,75.12955820522393,0.7505203069216737,0.10636982416067271,-5022.016344824065,-4994.954794780926,
BE0341_40_INST_B_GMW_PB1_F-599,BE0341_40_INST_B_GMW_PB1_F-599_Direct_Exponential,Direct,Exponential,75.1140546835073,0.7503648076522093,0.10640296884904395,-5026.049103813189,-5008.008070451096,
BE0341_40_BIT_GMW_PB1_F-616,BE0341_40_BIT_GMW_PB1_F-616_Linear_DoubleExponential,Linear,DoubleExponential,73.23720755126139,0.7323715688454242,0.1412659703551236,-4032.1532922494584,-4000.5814838657966,
BE0341_40_BIT_GMW_PB1_F-616,BE0341_40_BIT_GMW_PB1_F-616_Direct_Hantush,Direct,Hantush,70.52372452944422,0.7049792978691636,0.1483193040520831,-4025.6694181541934,-4003.1181264515776,
BE0341_40_BIT_GMW_PB1_F-616,BE0341_40_BIT_GMW_PB1_F-616_Berendrecht_Gamma,Berendrecht,Gamma,69.62124054879735,0.6962028476494091,0.15050928138905165,-3844.0200769541407,-3807.9380102299556,
BE0341_40_INST_B_GMW_PB1_F-599,BE0341_40_INST_B_GMW_PB1_F-599_Direct_Gamma,Direct,Gamma,68.99903577459125,0.6893945832785044,0.11868760147126006,-5056.701557088784,-5034.150265386169,
BE0341_40_INST_B_GMW_PB1_F-599,BE0341_40_INST_B_GMW_PB1_F-599_Berendrecht_Exponential,Berendrecht,Exponential,68.78251167315183,0.687120515391402,0.11912128908639669,-5027.589133046655,-4996.017324662993,
BE0341_40_BIT_GMW_PB1_F-616,BE0341_40_BIT_GMW_PB1_F-616_FlexModel_Gamma,FlexModel,Gamma,68.10966168358745,0.681064430034027,0.154213683830027,-3852.7588283606115,-3812.166503295903,
BE0280_00_INST_B_GMW_PB1_F-461,BE0280_00_INST_B_GMW_PB1_F-461_FlexModel_Hantush,FlexModel,Hantush,67.83244799311798,0.6752202261362616,0.06546412114400775,-5321.296721964753,-5279.386183247147,
BE115_00_BIKR_GMW_PB1_F-334,BE115_00_BIKR_GMW_PB1_F-334_Berendrecht_DoubleExponential,Berendrecht,DoubleExponential,67.72945841068145,0.6734606929363562,0.05463673825270996,-1948.4136808065796,-1915.9946114186623,
BE0341_40_BIT_GMW_PB1_F-616,BE0341_40_BIT_GMW_PB1_F-616_Berendrecht_DoubleExponential,Berendrecht,DoubleExponential,67.60810940923947,0.6760284583839371,0.15542642725221023,-3843.155364590617,-3802.5630395259086,
BE115_00_BIKR_GMW_PB1_F-334,BE115_00_BIKR_GMW_PB1_F-334_Berendrecht_FourParam,Berendrecht,FourParam,67.16324985695103,0.6609388867943176,0.055674461226002225,-1945.8780649789276,-1913.4589955910103,
BE0341_40_BIRK_GMW_PB1_F-497,BE0341_40_BIRK_GMW_PB1_F-497_FlexModel_Gamma,FlexModel,Gamma,67.0936583393472,0.6708318613911721,0.03472284023858648,-7415.04342111454,-7371.781956871011,
BE0280_00_INST_B_GMW_PB1_F-461,BE0280_00_INST_B_GMW_PB1_F-461_Berendrecht_DoubleExponential,Berendrecht,DoubleExponential,66.71127825543486,0.6627917120963487,0.0667049363946922,-5239.377734412449,-5197.467195694843,
BE0280_00_BUKR_GMW_PB1_F-350,BE0280_00_BUKR_GMW_PB1_F-350_Berendrecht_Hantush,Berendrecht,Hantush,66.2138953394006,0.662135085674078,0.056081335643500804,-4799.533462284406,-4763.263151580939,
BE115_00_BIKR_GMW_PB1_F-334,BE115_00_BIKR_GMW_PB1_F-334_Berendrecht_Gamma,Berendrecht,Gamma,66.17275196722304,0.6571578405448556,0.05598402797384022,-1948.695638855591,-1919.8786882885533,
BE115_00_BIKR_GMW_PB1_F-334,BE115_00_BIKR_GMW_PB1_F-334_FlexModel_DoubleExponential,FlexModel,DoubleExponential,66.09460780687462,0.6602822926853811,0.055728342136326936,-1946.5447059858188,-1910.5235177770219,
BE115_00_BIKR_GMW_PB1_F-334,BE115_00_BIKR_GMW_PB1_F-334_FlexModel_Exponential,FlexModel,Exponential,66.06488732624643,0.6599770313772663,0.055753374518217096,-1950.5444002304928,-1921.7274496634552,
BE0341_40_BIT_GMW_PB1_F-616,BE0341_40_BIT_GMW_PB1_F-616_Linear_Exponential,Linear,Exponential,65.06775828965739,0.6506610526851109,0.16139680621448982,-4033.1258302835886,-4010.574538580973,
BE0341_40_BIRK_GMW_PB1_F-497,BE0341_40_BIRK_GMW_PB1_F-497_FlexModel_FourParam,FlexModel,FourParam,64.73247145785872,0.6472868034670243,0.03594323817565114,-7409.201782303301,-7361.133488699379,
BE0280_00_BUKR_GMW_PB1_F-350,BE0280_00_BUKR_GMW_PB1_F-350_FlexModel_Gamma,FlexModel,Gamma,64.7070055316115,0.6470683211092034,0.05731814436996504,-4793.881119965448,-4753.077020424048,
BE0341_40_BIT_GMW_PB1_F-616,BE0341_40_BIT_GMW_PB1_F-616_FlexModel_DoubleExponential,FlexModel,DoubleExponential,64.239848928266,0.6423852625036783,0.16329734993564018,-3849.228155243803,-3804.1255718385714,
BE0341_40_BIT_GMW_PB1_F-616,BE0341_40_BIT_GMW_PB1_F-616_Berendrecht_Exponential,Berendrecht,Exponential,63.94702538513827,0.6394619446694076,0.16396342771211245,-3841.5122519928686,-3809.940443609207,
BE115_00_BIKR_GMW_PB1_F-334,BE115_00_BIKR_GMW_PB1_F-334_FlexModel_Hantush,FlexModel,Hantush,63.93558858178917,0.6347640351861827,0.0577834940459421,-1947.038727653941,-1914.6196582660236,
BE0280_00_INST_B_GMW_PB1_F-461,BE0280_00_INST_B_GMW_PB1_F-461_Linear_DoubleExponential,Linear,DoubleExponential,63.83291697609017,0.6348428011344385,0.06941427432163803,-5231.3056717258,-5198.708586056551,
BE0341_40_BIRK_GMW_PB1_F-497,BE0341_40_BIRK_GMW_PB1_F-497_Berendrecht_FourParam,Berendrecht,FourParam,63.19326066477301,0.6318998360543802,0.03671887373316585,-7408.990379747925,-7365.728915504395,
BE0341_40_BIRK_GMW_PB1_F-497,BE0341_40_BIRK_GMW_PB1_F-497_Berendrecht_Hantush,Berendrecht,Hantush,63.047380186510324,0.6304457283433202,0.03679132761489186,-7410.92819078076,-7372.473555897623,
BE115_00_BIKR_GMW_PB1_F-334,BE115_00_BIKR_GMW_PB1_F-334_FlexModel_FourParam,FlexModel,FourParam,62.99141614053529,0.626663157283267,0.05842079415685329,-1944.8613241981861,-1908.8401359893892,
BE0341_40_BIT_GMW_PB1_F-616,BE0341_40_BIT_GMW_PB1_F-616_Direct_Exponential,Direct,Exponential,62.56351154360207,0.6240243706847302,0.167436940729428,-3995.6791749300683,-3977.6381415679757,
BE115_00_BIKR_GMW_PB1_F-334,BE115_00_BIKR_GMW_PB1_F-334_FlexModel_Gamma,FlexModel,Gamma,62.172070720823356,0.6191383243445888,0.059006610471787915,-1945.9078732563112,-1913.488803868394,
BE0341_40_BIT_GMW_PB1_F-616,BE0341_40_BIT_GMW_PB1_F-616_Direct_DoubleExponential,Direct,DoubleExponential,61.798661988657486,0.6160564568139802,0.169201853857683,-3991.6068213204458,-3964.5452712773067,
BE115_00_BIKR_GMW_PB2_F-1354,BE115_00_BIKR_GMW_PB2_F-1354_Linear_DoubleExponential,Linear,DoubleExponential,61.23566522102618,0.6123541413149322,0.04014131301719832,-1857.728578856429,-1832.5137471102712,
BE0341_40_BIRK_GMW_PB1_F-497,BE0341_40_BIRK_GMW_PB1_F-497_Linear_FourParam,Linear,FourParam,61.19195227114771,0.6118712066561863,0.037704594751240765,-7410.040352554684,-7376.392547031939,
BE0341_40_BIRK_GMW_PB1_F-497,BE0341_40_BIRK_GMW_PB1_F-497_Linear_Hantush,Linear,Hantush,61.113088340605934,0.6110735209755122,0.03774332027016128,-7411.906404697618,-7383.065428535265,
BE0280_00_INST_B_GMW_PB1_F-461,BE0280_00_INST_B_GMW_PB1_F-461_FlexModel_DoubleExponential,FlexModel,DoubleExponential,60.966329235632585,0.6036596860146903,0.07231742916212121,-5250.235161355547,-5203.667896113762,
BE115_00_BIKR_GMW_PB1_F-334,BE115_00_BIKR_GMW_PB1_F-334_Berendrecht_Exponential,Berendrecht,Exponential,60.48357811296323,0.6015984625690252,0.060350036074055924,-1951.2511015447935,-1926.0362697986357,
BE0341_40_BIRK_GMW_PB1_F-497,BE0341_40_BIRK_GMW_PB1_F-497_FlexModel_Exponential,FlexModel,Exponential,59.92299833028819,0.5991900160710422,0.038315598329875085,-7401.103143245321,-7362.648508362184,
BE0341_40_BIRK_GMW_PB1_F-497,BE0341_40_BIRK_GMW_PB1_F-497_FlexModel_DoubleExponential,FlexModel,DoubleExponential,59.87648412540455,0.5987251750180675,0.03833781022925576,-7397.098837508523,-7349.030543904601,
BE0341_40_BIT_GMW_PB1_F-616,BE0341_40_BIT_GMW_PB1_F-616_Direct_Gamma,Direct,Gamma,58.88828070343748,0.5875831109637608,0.1753636813221055,-4035.8295925440943,-4013.2783008414785,
BE0049_00_INST_B_GMW_PB1_F-365,BE0049_00_INST_B_GMW_PB1_F-365_Linear_DoubleExponential,Linear,DoubleExponential,57.93156543800871,0.5792903997097515,0.12066380073809653,-5641.596877467237,-5608.12153307519,
BE0049_00_INST_B_GMW_PB1_F-365,BE0049_00_INST_B_GMW_PB1_F-365_FlexModel_Gamma,FlexModel,Gamma,57.66742512457099,0.5765879092827244,0.12105073125394068,-5412.209077640652,-5369.169349136591,
BE0049_00_INST_B_GMW_PB1_F-365,BE0049_00_INST_B_GMW_PB1_F-365_FlexModel_DoubleExponential,FlexModel,DoubleExponential,57.57950570868348,0.5757324092467804,0.12117296046048166,-5394.455476639613,-5346.633556079545,
BE115_00_INST_B_GMW_PB1_F-495,BE115_00_INST_B_GMW_PB1_F-495_Linear_Hantush,Linear,Hantush,57.25323029769114,0.5691201598593361,0.15659070800193922,-6181.6500575571945,-6152.815722236693,
BE115_00_INST_B_GMW_PB1_F-495,BE115_00_INST_B_GMW_PB1_F-495_Linear_DoubleExponential,Linear,DoubleExponential,57.175991557570605,0.5709338077379591,0.1562608017714341,-6543.532337876786,-6509.892280002868,
BE0049_00_INST_B_GMW_PB1_F-365,BE0049_00_INST_B_GMW_PB1_F-365_Direct_DoubleExponential,Direct,DoubleExponential,56.702470572638696,0.5670095128721806,0.12241227439527341,-5593.4279235800705,-5564.73477124403,
BE0341_40_BIRK_GMW_PB1_F-497,BE0341_40_BIRK_GMW_PB1_F-497_FlexModel_Hantush,FlexModel,Hantush,55.587373169048405,0.5558178540413808,0.040335448960515156,-7399.375939860312,-7356.114475616783,
BE115_00_INST_B_GMW_PB1_F-495,BE115_00_INST_B_GMW_PB1_F-495_Linear_FourParam,Linear,FourParam,55.42184149540499,0.5506482289768402,0.15991202729101653,-6178.980974404905,-6145.340916530987,
BE115_00_BIKR_GMW_PB2_F-1354,BE115_00_BIKR_GMW_PB2_F-1354_Direct_DoubleExponential,Direct,DoubleExponential,54.98332006462967,0.5498189023124043,0.043258118666410196,-1855.980187098777,-1834.3674741734987,
BE0049_00_INST_B_GMW_PB1_F-365,BE0049_00_INST_B_GMW_PB1_F-365_Berendrecht_DoubleExponential,Berendrecht,DoubleExponential,54.88101065099089,0.5487585362630061,0.12496554549763018,-5385.956329309337,-5342.916600805276,
BE0049_00_INST_B_GMW_PB1_F-365,BE0049_00_INST_B_GMW_PB1_F-365_Berendrecht_Exponential,Berendrecht,Exponential,54.75844342163264,0.5475746108876638,0.12512937459475035,-5367.352872958601,-5333.877528566554,
BE0341_40_BIT_GMW_PB1_F-616,BE0341_40_BIT_GMW_PB1_F-616_FlexModel_Exponential,FlexModel,Exponential,54.35532210245315,0.5435530141714733,0.18448735509202738,-3859.812150998428,-3823.730084274243,
BE115_00_BIKR_GMW_PB2_F-1354,BE115_00_BIKR_GMW_PB2_F-1354_Linear_Gamma,Linear,Gamma,53.87417768209215,0.5387240351639241,0.04378792975718708,-1850.315001069931,-1828.7022881446528,
BE115_00_BIKR_GMW_PB1_F-334,BE115_00_BIKR_GMW_PB1_F-334_Direct_DoubleExponential,Direct,DoubleExponential,53.733405191476635,0.5367538870111811,0.06507631057463573,-2006.1846307252954,-1984.5719178000172,
BE115_00_INST_B_GMW_PB1_F-495,BE115_00_INST_B_GMW_PB1_F-495_Linear_Exponential,Linear,Exponential,53.634978776868714,0.5342942514261233,0.162795988698357,-6546.128352710138,-6522.099739943053,
BE0049_00_BIKR_GMW_PB1_F-227,BE0049_00_BIKR_GMW_PB1_F-227_Linear_DoubleExponential,Linear,DoubleExponential,53.524704749985695,0.5352054946193137,0.11583522908144218,-4484.193305996554,-4452.187328197696,
BE115_00_BIKR_GMW_PB2_F-1354,BE115_00_BIKR_GMW_PB2_F-1354_Direct_Gamma,Direct,Gamma,53.03461183424352,0.5303260501537634,0.04418473313148881,-1852.3100361017243,-1834.2994419973259,
BE0049_00_INST_B_GMW_PB1_F-365,BE0049_00_INST_B_GMW_PB1_F-365_Direct_Exponential,Direct,Exponential,52.94938669168023,0.5294241094955336,0.1276146771279598,-5595.914749051566,-5576.785980827539,
BE115_00_BIKR_GMW_PB2_F-1354,BE115_00_BIKR_GMW_PB2_F-1354_Berendrecht_DoubleExponential,Berendrecht,DoubleExponential,52.85008726688019,0.5283842685247926,0.04427597579867196,-1798.4150812993632,-1765.996011911446,
BE0049_00_INST_B_GMW_PB1_F-365,BE0049_00_INST_B_GMW_PB1_F-365_FlexModel_Exponential,FlexModel,Exponential,52.710821912024656,0.5271064525091391,0.1279285518649973,-5384.706602430255,-5346.4490659822,
BE115_00_BIKR_GMW_PB1_F-334,BE115_00_BIKR_GMW_PB1_F-334_Linear_DoubleExponential,Linear,DoubleExponential,52.39700933793341,0.5238943118939207,0.06597337718367077,-2000.9913000891,-1975.776468342942,
BE0049_00_INST_B_GMW_PB1_F-365,BE0049_00_INST_B_GMW_PB1_F-365_Direct_Gamma,Direct,Gamma,52.0164299700155,0.5200977714252792,0.12887306959881673,-5651.794776138067,-5627.883815858034,
BE115_00_BIKR_GMW_PB2_F-1354,BE115_00_BIKR_GMW_PB2_F-1354_Linear_FourParam,Linear,FourParam,51.94093552481729,0.5193828810970538,0.04469651039282636,-1848.68906030046,-1823.474228554302,
BE115_00_BIKR_GMW_PB2_F-1354,BE115_00_BIKR_GMW_PB2_F-1354_Linear_Exponential,Linear,Exponential,51.88616661140135,0.5188613579773056,0.044720754164527046,-1825.8201130152338,-1807.8095189108353,
BE0049_00_BIT_GMW_PB2_F-930,BE0049_00_BIT_GMW_PB2_F-930_Direct_DoubleExponential,Direct,DoubleExponential,51.224251790396536,0.5120220555814606,0.08921828747831197,-6365.680818473256,-6336.9876661372155,
BE0049_00_INST_B_GMW_PB1_F-365,BE0049_00_INST_B_GMW_PB1_F-365_Berendrecht_Gamma,Berendrecht,Gamma,50.939471245694335,0.5092252721112017,0.13032474538229136,-5388.043813969357,-5349.7862775213025,
BE0341_40_BIT_GMW_PB1_F-616,BE0341_40_BIT_GMW_PB1_F-616_Linear_Gamma,Linear,Gamma,50.892711981929864,0.5088283420693971,0.19137626845394473,-4088.71899597444,-4061.657445931301,
BE0280_00_INST_B_GMW_PB1_F-461,BE0280_00_INST_B_GMW_PB1_F-461_FlexModel_Gamma,FlexModel,Gamma,50.27771682598215,0.4952426642522425,0.08161127709738335,-5196.341401475094,-5154.430862757488,
BE0280_00_INST_B_GMW_PB1_F-461,BE0280_00_INST_B_GMW_PB1_F-461_Berendrecht_Hantush,Berendrecht,Hantush,50.17458841923088,0.4970905487609084,0.08146175327470556,-5232.109168168566,-5194.855355975139,
BE115_00_BIKR_GMW_PB1_F-334,BE115_00_BIKR_GMW_PB1_F-334_Direct_Gamma,Direct,Gamma,49.84514413276416,0.4981598451608652,0.06773291014098426,-2006.4309470754647,-1988.4203529710662,
BE0049_00_BIKR_GMW_PB1_F-227,BE0049_00_BIKR_GMW_PB1_F-227_FlexModel_Gamma,FlexModel,Gamma,49.37549874313041,0.49364943160549213,0.12090265002516433,-4330.212596023189,-4289.062053138943,
BE0049_00_BIKR_GMW_PB1_F-227,BE0049_00_BIKR_GMW_PB1_F-227_Direct_Exponential,Direct,Exponential,48.932705889889604,0.48890736820126335,0.1214674681443329,-4456.660758519601,-4438.371628348825,
BE0049_00_BIKR_GMW_PB1_F-227,BE0049_00_BIKR_GMW_PB1_F-227_Direct_DoubleExponential,Direct,DoubleExponential,48.748204946959106,0.4870531824578017,0.12168760372481806,-4452.714798463765,-4425.281103207601,
BE115_00_BIKR_GMW_PB1_F-334,BE115_00_BIKR_GMW_PB1_F-334_Direct_FourParam,Direct,FourParam,48.4549704324637,0.4843329603783606,0.06865967094632476,-2003.9528368626432,-1982.340123937365,
BE0049_00_BIT_GMW_PB2_F-930,BE0049_00_BIT_GMW_PB2_F-930_Linear_DoubleExponential,Linear,DoubleExponential,48.421265332609956,0.48398851796045983,0.09174522475252112,-6366.099406131185,-6332.624061739138,
BE0049_00_INST_B_GMW_PB1_F-365,BE0049_00_INST_B_GMW_PB1_F-365_Linear_Exponential,Linear,Exponential,48.1908400438771,0.4816353652356451,0.1339378958061815,-5642.26802387492,-5618.357063594886,
BE0049_00_BIKR_GMW_PB1_F-227,BE0049_00_BIKR_GMW_PB1_F-227_FlexModel_Exponential,FlexModel,Exponential,47.88988660889512,0.4787647936729744,0.12266680118980243,-4314.843233860849,-4278.264973519297,
BE0049_00_BIKR_GMW_PB1_F-227,BE0049_00_BIKR_GMW_PB1_F-227_Berendrecht_DoubleExponential,Berendrecht,DoubleExponential,47.82209135675918,0.47814925629131166,0.1227392096938807,-4314.90951908285,-4273.758976198605,
BE115_00_BIKR_GMW_PB1_F-334,BE115_00_BIKR_GMW_PB1_F-334_Linear_Gamma,Linear,Gamma,47.78714332865328,0.4778468003050117,0.06909012891146911,-2006.2261755702507,-1984.6134626449725,
BE0049_00_BIKR_GMW_PB1_F-227,BE0049_00_BIKR_GMW_PB1_F-227_Berendrecht_Hantush,Berendrecht,Hantush,47.21477579005958,0.4717514602258618,0.12348929800529601,-4313.736622883406,-4277.158362541854,
BE115_00_BIKR_GMW_PB1_F-334,BE115_00_BIKR_GMW_PB1_F-334_Linear_FourParam,Linear,FourParam,46.481710493918705,0.4648062677630077,0.06994755533640808,-2003.9147816783932,-1978.6999499322353,
BE0049_00_BIKR_GMW_PB1_F-227,BE0049_00_BIKR_GMW_PB1_F-227_Berendrecht_Gamma,Berendrecht,Gamma,46.41061101260844,0.46351941847826783,0.12444778541934733,-4315.484770689769,-4278.906510348217,
BE0341_40_BIRK_GMW_PB1_F-497,BE0341_40_BIRK_GMW_PB1_F-497_Linear_DoubleExponential,Linear,DoubleExponential,46.08414054790063,0.46074314361628765,0.04444308361188083,-7552.948207413879,-7519.300401891133,
BE0049_00_BIKR_GMW_PB1_F-227,BE0049_00_BIKR_GMW_PB1_F-227_Direct_Gamma,Direct,Gamma,45.98336937056185,0.459693246832911,0.12489077686145474,-4502.941688545703,-4480.080275832233,
BE115_00_BIKR_GMW_PB2_F-1354,BE115_00_BIKR_GMW_PB2_F-1354_FlexModel_FourParam,FlexModel,FourParam,45.16096062460395,0.45157036347095725,0.04774572117708449,-1790.9667579536604,-1754.9455697448634,
BE115_00_BIKR_GMW_PB2_F-1354,BE115_00_BIKR_GMW_PB2_F-1354_FlexModel_Gamma,FlexModel,Gamma,45.15008494181693,0.4514618080581172,0.047750446304678,-1792.975121988107,-1760.5560526001898,
BE115_00_BIKR_GMW_PB2_F-1354,BE115_00_BIKR_GMW_PB2_F-1354_FlexModel_Exponential,FlexModel,Exponential,44.8839284473973,0.448773525704402,0.04786731126781605,-1793.5275103085917,-1764.710559741554,
BE115_00_BIKR_GMW_PB2_F-1354,BE115_00_BIKR_GMW_PB2_F-1354_FlexModel_DoubleExponential,FlexModel,DoubleExponential,44.68282557519537,0.44675723585906235,0.0479547764758671,-1789.2434044866498,-1753.2222162778528,
BE115_00_INST_B_GMW_PB1_F-495,BE115_00_INST_B_GMW_PB1_F-495_Berendrecht_Exponential,Berendrecht,Exponential,44.641743238184716,0.44387533221899056,0.1778991937755763,-6381.94078941796,-6348.300731544042,
BE0280_00_BIT_GMW_PB1_F-592,BE0280_00_BIT_GMW_PB1_F-592_Linear_FourParam,Linear,FourParam,44.486160041269805,0.44484729454777716,0.1057389919773509,-4346.33130860206,-4314.749091294547,
BE0280_00_BIT_GMW_PB1_F-592,BE0280_00_BIT_GMW_PB1_F-592_Linear_Hantush,Linear,Hantush,43.87061967283381,0.43866169301989866,0.10632644065152583,-4347.7660073497655,-4320.695535371897,
BE0280_00_INST_B_GMW_PB1_F-461,BE0280_00_INST_B_GMW_PB1_F-461_Linear_Exponential,Linear,Exponential,43.83344826159201,0.43398537071959054,0.08642167558855603,-5224.315888441431,-5201.032255820539,
BE115_00_BIKR_GMW_PB1_F-334,BE115_00_BIKR_GMW_PB1_F-334_Linear_Hantush,Linear,Hantush,43.32299055847266,0.43246028075089626,0.07203028973532054,-1952.0239906861518,-1930.4112777608736,
BE115_00_INST_B_GMW_PB1_F-495,BE115_00_INST_B_GMW_PB1_F-495_Berendrecht_FourParam,Berendrecht,FourParam,42.762912932376075,0.42603318197151185,0.18073043469468997,-6171.236312974482,-6127.984809993729,
BE0049_00_BIT_GMW_PB2_F-930,BE0049_00_BIT_GMW_PB2_F-930_Linear_FourParam,Linear,FourParam,41.722970257710955,0.416814760854342,0.09753422731602406,-6182.966773529452,-6149.491429137405,
BE0280_00_BIT_GMW_PB1_F-592,BE0280_00_BIT_GMW_PB1_F-592_Direct_FourParam,Direct,FourParam,41.65955846899468,0.4165938046288834,0.10839629892899687,-4347.028644522761,-4319.9581725448925,
BE0049_00_INST_B_GMW_PB1_F-365,BE0049_00_INST_B_GMW_PB1_F-365_Linear_Gamma,Linear,Gamma,41.625431317992025,0.41599107219378073,0.14216593078257225,-5723.136319009527,-5694.443166673486,
BE0280_00_INST_B_GMW_PB1_F-461,BE0280_00_INST_B_GMW_PB1_F-461_Linear_Hantush,Linear,Hantush,41.2109851326077,0.41037669184159187,0.08820560352382019,-5097.136220346818,-5069.195861201748,
BE0280_00_BIT_GMW_PB1_F-592,BE0280_00_BIT_GMW_PB1_F-592_Direct_Hantush,Direct,Hantush,40.96251751588713,0.4096197003050217,0.10904226504767729,-4347.922788266531,-4325.3640616183075,
BE0280_00_INST_B_GMW_PB1_F-461,BE0280_00_INST_B_GMW_PB1_F-461_Linear_FourParam,Linear,FourParam,40.95279482957388,0.4074793119216974,0.08842205693681467,-5095.348328837924,-5062.7512431686755,
BE115_00_INST_B_GMW_PB1_F-495,BE115_00_INST_B_GMW_PB1_F-495_FlexModel_DoubleExponential,FlexModel,DoubleExponential,40.87626308838955,0.40540257211204533,0.1839498395453659,-6409.192525245754,-6361.135299711585,
BE0049_00_BIKR_GMW_PB1_F-227,BE0049_00_BIKR_GMW_PB1_F-227_Linear_Exponential,Linear,Exponential,40.73992007380599,0.40717134746622663,0.13082018594315464,-4484.4704871649865,-4461.609074451517,
BE115_00_INST_B_GMW_PB1_F-495,BE115_00_INST_B_GMW_PB1_F-495_Berendrecht_Gamma,Berendrecht,Gamma,40.72258216756908,0.40064791903568897,0.18468384555690015,-6382.803169454834,-6344.357389027497,
BE0049_00_BUKR_GMW_PB1_F-229,BE0049_00_BUKR_GMW_PB1_F-229_Berendrecht_Hantush,Berendrecht,Hantush,40.46368854429303,0.4046339521453809,0.11335336360443564,-4158.558112036577,-4120.85446243116,
BE0049_00_BIT_GMW_PB2_F-930,BE0049_00_BIT_GMW_PB2_F-930_Direct_FourParam,Direct,FourParam,40.45868178970938,0.40371225155618784,0.09862379939336821,-6183.314989580771,-6154.62183724473,
BE0049_00_BUKR_GMW_PB1_F-229,BE0049_00_BUKR_GMW_PB1_F-229_FlexModel_Hantush,FlexModel,Hantush,40.391582614491085,0.4039126543731729,0.11342200774361359,-4156.430826005463,-4114.014220199369,
BE0341_40_BIRK_GMW_PB1_F-497,BE0341_40_BIRK_GMW_PB1_F-497_Linear_Gamma,Linear,Gamma,39.938183315844164,0.39932218950081766,0.046905864089493085,-7534.087105603251,-7505.246129440898,
BE0049_00_BUKR_GMW_PB1_F-229,BE0049_00_BUKR_GMW_PB1_F-229_Linear_FourParam,Linear,FourParam,39.477929622366545,0.39476691521851714,0.11428880974901057,-4158.33069619442,-4125.3400027896805,
BE0049_00_BUKR_GMW_PB1_F-229,BE0049_00_BUKR_GMW_PB1_F-229_Berendrecht_Gamma,Berendrecht,Gamma,39.3464612760709,0.39346460966832697,0.11441170370116233,-4155.710231727621,-4118.006582122205,
BE0280_00_INST_B_GMW_PB1_F-461,BE0280_00_INST_B_GMW_PB1_F-461_Berendrecht_Gamma,Berendrecht,Gamma,39.33097258860896,0.3875083783001848,0.08989984241828634,-5089.146189620169,-5051.892377426742,
BE0049_00_BUKR_GMW_PB1_F-229,BE0049_00_BUKR_GMW_PB1_F-229_Linear_Hantush,Linear,Hantush,38.67186134922592,0.3867183708578643,0.11504622091514027,-4158.039640358132,-4129.761903154069,
BE0049_00_BUKR_GMW_PB1_F-229,BE0049_00_BUKR_GMW_PB1_F-229_Berendrecht_FourParam,Berendrecht,FourParam,38.56202930677111,0.3856192678449415,0.1151492657797799,-4151.5228020047225,-4109.106196198629,
BE0280_00_INST_B_GMW_PB1_F-461,BE0280_00_INST_B_GMW_PB1_F-461_Berendrecht_FourParam,Berendrecht,FourParam,38.55649270494466,0.38035066397841233,0.09042361149270473,-5088.388839402499,-5046.478300684893,
BE0049_00_BUKR_GMW_PB1_F-229,BE0049_00_BUKR_GMW_PB1_F-229_FlexModel_FourParam,FlexModel,FourParam,38.53239164141773,0.3853232979884945,0.11517699826420182,-4149.856777818244,-4102.727215811474,
BE0049_00_BUKR_GMW_PB1_F-229,BE0049_00_BUKR_GMW_PB1_F-229_Direct_Hantush,Direct,Hantush,38.282993645683014,0.38282961903570323,0.11541039229486387,-4159.234941686327,-4135.670160682942,
BE115_00_BIKR_GMW_PB2_F-1354,BE115_00_BIKR_GMW_PB2_F-1354_FlexModel_Hantush,FlexModel,Hantush,38.248702339391215,0.382334405581945,0.05066997676133506,-1787.3105659837556,-1754.8914965958384,
BE0049_00_BIT_GMW_PB2_F-930,BE0049_00_BIT_GMW_PB2_F-930_FlexModel_Gamma,FlexModel,Gamma,37.552449809993185,0.3743575902738002,0.1010222125976284,-6343.1538935521985,-6300.114165048138,
BE0280_00_INST_B_GMW_PB1_F-461,BE0280_00_INST_B_GMW_PB1_F-461_FlexModel_FourParam,FlexModel,FourParam,37.23334038621534,0.36741087762975155,0.09136286589698316,-5086.093522647602,-5039.526257405818,
BE0049_00_BIT_GMW_PB2_F-930,BE0049_00_BIT_GMW_PB2_F-930_Direct_Exponential,Direct,Exponential,36.67835152438067,0.3653472326284356,0.10174706145012823,-6363.78238951175,-6344.653621287723,
BE115_00_BIKR_GMW_PB1_F-334,BE115_00_BIKR_GMW_PB1_F-334_Direct_Hantush,Direct,Hantush,36.66507276215989,0.3662126519041392,0.07611825329762867,-1953.3191001872226,-1935.3085060828241,
BE115_00_BIKR_GMW_PB2_F-1354,BE115_00_BIKR_GMW_PB2_F-1354_Direct_FourParam,Direct,FourParam,36.63747329042069,0.3662889372899102,0.05132389928989848,-1790.8220975853544,-1769.2093846600762,
BE0049_00_BUKR_GMW_PB1_F-229,BE0049_00_BUKR_GMW_PB1_F-229_Linear_DoubleExponential,Linear,DoubleExponential,36.37043323713834,0.36368497512573017,0.11718673885035329,-4251.244631540384,-4218.253938135645,
BE0049_00_BUKR_GMW_PB1_F-229,BE0049_00_BUKR_GMW_PB1_F-229_FlexModel_Gamma,FlexModel,Gamma,36.34715254356994,0.3634480890701015,0.11720854984029842,-4148.479036638679,-4106.062430832585,
BE115_00_BIKR_GMW_PB2_F-1354,BE115_00_BIKR_GMW_PB2_F-1354_Linear_Hantush,Linear,Hantush,36.30886374498549,0.3629402199933299,0.0514593259735321,-1791.7403547012475,-1770.1276417759693,
BE115_00_BIKR_GMW_PB2_F-1354,BE115_00_BIKR_GMW_PB2_F-1354_Direct_Hantush,Direct,Hantush,36.16119043687953,0.36153087484118773,0.05151621536415267,-1792.7159428477244,-1774.7053487433259,
BE0049_00_BIT_GMW_PB2_F-930,BE0049_00_BIT_GMW_PB2_F-930_Berendrecht_Gamma,Berendrecht,Gamma,35.496699024474786,0.35361138726442487,0.10268349322959425,-6180.379669545358,-6142.122133097304,
BE115_00_INST_B_GMW_PB1_F-495,BE115_00_INST_B_GMW_PB1_F-495_FlexModel_FourParam,FlexModel,FourParam,34.96002530736254,0.34534598047140663,0.19301622596009022,-6166.851877328428,-6118.794651794258,
BE0049_00_BIT_GMW_PB2_F-930,BE0049_00_BIT_GMW_PB2_F-930_FlexModel_FourParam,FlexModel,FourParam,34.86125541691849,0.3477902660087314,0.10314482047287662,-6177.293236625039,-6129.471316064971,
BE115_00_INST_B_GMW_PB1_F-495,BE115_00_INST_B_GMW_PB1_F-495_FlexModel_Gamma,FlexModel,Gamma,34.794011754898946,0.33827893346214755,0.19405524288066311,-6403.177441441398,-6359.925938460645,
BE0280_00_BIT_GMW_PB1_F-592,BE0280_00_BIT_GMW_PB1_F-592_Direct_DoubleExponential,Direct,DoubleExponential,34.523069268719716,0.3446809214883637,0.11488288718828893,-4585.143777092141,-4558.073305114272,
BE0049_00_BIKR_GMW_PB1_F-227,BE0049_00_BIKR_GMW_PB1_F-227_Linear_Gamma,Linear,Gamma,34.16915433990086,0.3415516312764574,0.13787039893336486,-4547.654313894327,-4520.220618638163,
BE0049_00_BIT_GMW_PB2_F-930,BE0049_00_BIT_GMW_PB2_F-930_Linear_Hantush,Linear,Hantush,34.13877900008937,0.34127288720157956,0.10365889041233096,-6180.73495194018,-6152.041799604139,
BE0280_00_BIT_GMW_PB1_F-592,BE0280_00_BIT_GMW_PB1_F-592_FlexModel_Hantush,FlexModel,Hantush,33.730062593518554,0.3372159003228101,0.11553537442195015,-4343.5399872016005,-4302.934279234798,
BE115_00_BIKR_GMW_PB1_F-334,BE115_00_BIKR_GMW_PB1_F-334_Berendrecht_Hantush,Berendrecht,Hantush,33.443315924895465,0.3343603362551799,0.07800754808121768,-1944.9564726122114,-1916.1395220451739,
BE0280_00_BIT_GMW_PB1_F-592,BE0280_00_BIT_GMW_PB1_F-592_Berendrecht_FourParam,Berendrecht,FourParam,32.81072988601436,0.3279795474784525,0.1163376216273692,-4338.684146444474,-4298.078438477672,
BE0341_40_INST_B_GMW_PB1_F-599,BE0341_40_INST_B_GMW_PB1_F-599_Direct_FourParam,Direct,FourParam,32.472925318008215,0.3121602248358549,0.17662187206927626,-4938.004694934982,-4910.943144891843,
BE0280_00_BIT_GMW_PB1_F-592,BE0280_00_BIT_GMW_PB1_F-592_FlexModel_FourParam,FlexModel,FourParam,32.45916229045671,0.3244267426447496,0.11664474026920614,-4336.390232015244,-4291.272778718797,
BE0049_00_BIT_GMW_PB2_F-930,BE0049_00_BIT_GMW_PB2_F-930_Direct_Gamma,Direct,Gamma,32.307434327787334,0.3210494441909245,0.10523806648293761,-6424.710057354103,-6400.799097074069,
BE115_00_BIKR_GMW_PB1_F-334,BE115_00_BIKR_GMW_PB1_F-334_Linear_Exponential,Linear,Exponential,32.229456866130015,0.320861308887887,0.07879456601074314,-2002.4445627382734,-1984.4339686338749,
BE0280_00_INST_B_GMW_PB1_F-461,BE0280_00_INST_B_GMW_PB1_F-461_FlexModel_Exponential,FlexModel,Exponential,31.625450606338536,0.3114110622687676,0.09532106259603348,-5236.56895945894,-5199.315147265514,
BE115_00_INST_B_GMW_PB1_F-495,BE115_00_INST_B_GMW_PB1_F-495_FlexModel_Exponential,FlexModel,Exponential,31.456673376435862,0.291654966767399,0.20077532000501327,-6451.600065054394,-6413.154284627058,
BE0049_00_BIKR_GMW_PB1_F-227,BE0049_00_BIKR_GMW_PB1_F-227_FlexModel_Hantush,FlexModel,Hantush,30.69787933691788,0.30650741477758814,0.1414917376642714,-4319.288942311614,-4278.138399427368,
BE0049_00_BIKR_GMW_PB1_F-227,BE0049_00_BIKR_GMW_PB1_F-227_Berendrecht_Exponential,Berendrecht,Exponential,30.51737104556095,0.30470198447936336,0.14167579689612925,-4312.481199975547,-4280.4752221766885,
BE115_00_BIKR_GMW_PB2_F-1354,BE115_00_BIKR_GMW_PB2_F-1354_Direct_Exponential,Direct,Exponential,30.457991751585823,0.3040145973408087,0.053786596664407084,-1842.4024317393464,-1827.9939564558276,
BE0049_00_BIT_GMW_PB2_F-930,BE0049_00_BIT_GMW_PB2_F-930_Berendrecht_FourParam,Berendrecht,FourParam,30.33308608735964,0.3012585390055974,0.10676085495053715,-6178.638323547674,-6135.598595043613,
BE0049_00_BIT_GMW_PB2_F-930,BE0049_00_BIT_GMW_PB2_F-930_Linear_Exponential,Linear,Exponential,29.72430935245699,0.29517608469432,0.10722451784294493,-6364.051032875632,-6340.140072595598,
BE0341_40_INST_B_GMW_PB1_F-599,BE0341_40_INST_B_GMW_PB1_F-599_Linear_FourParam,Linear,FourParam,29.58928203120016,0.2757435722245152,0.18123706475322343,-4937.637230613763,-4906.065422230101,
BE0049_00_INST_B_GMW_PB1_F-365,BE0049_00_INST_B_GMW_PB1_F-365_Linear_Hantush,Linear,Hantush,29.52407027100936,0.295089611211367,0.1561898274826588,-5258.499010969803,-5229.805858633762,
BE0049_00_INST_B_GMW_PB1_F-365,BE0049_00_INST_B_GMW_PB1_F-365_Linear_FourParam,Linear,FourParam,29.172029391548126,0.2916251712475919,0.15657317199405343,-5257.568589740848,-5224.093245348801,
BE0049_00_BIKR_GMW_PB1_F-227,BE0049_00_BIKR_GMW_PB1_F-227_Direct_Hantush,Direct,Hantush,29.170799743191957,0.29043253191950213,0.14312220455584698,-4217.79965879143,-4194.938246077961,
BE0341_40_BIRK_GMW_PB1_F-1177,BE0341_40_BIRK_GMW_PB1_F-1177_Linear_DoubleExponential,Linear,DoubleExponential,29.03678073064775,0.2901609867260512,0.05232518348745864,-6635.698497720161,-6602.058439846242,
BE0049_00_INST_B_GMW_PB1_F-365,BE0049_00_INST_B_GMW_PB1_F-365_FlexModel_FourParam,FlexModel,FourParam,28.876749854753037,0.2886360959050518,0.1569031641974218,-5252.35582828719,-5204.533907727122,
BE0049_00_BUKR_GMW_PB1_F-229,BE0049_00_BUKR_GMW_PB1_F-229_Berendrecht_DoubleExponential,Berendrecht,DoubleExponential,28.780061751305762,0.2877975094425058,0.12397785655581554,-4133.265550974171,-4090.848945168077,
BE0049_00_BIKR_GMW_PB1_F-227,BE0049_00_BIKR_GMW_PB1_F-227_Direct_FourParam,Direct,FourParam,28.779965129019548,0.2862258613649319,0.1435458275981013,-4213.579885200736,-4186.146189944571,
BE0341_40_BIT_GMW_PB1_F-616,BE0341_40_BIT_GMW_PB1_F-616_FlexModel_FourParam,FlexModel,FourParam,28.75317171972216,0.28726426557262075,0.23053437892963516,-3732.0455563280393,-3686.9429729228077,
BE0049_00_BIKR_GMW_PB1_F-227,BE0049_00_BIKR_GMW_PB1_F-227_Linear_FourParam,Linear,FourParam,28.466386475568626,0.2836667663136907,0.1438029248529229,-4212.548315959824,-4180.542338160966,
BE0049_00_BIKR_GMW_PB1_F-227,BE0049_00_BIKR_GMW_PB1_F-227_FlexModel_FourParam,FlexModel,FourParam,28.360749042509113,0.2827058005518589,0.14389934881191613,-4207.974323383951,-4162.2514979570105,
BE0341_40_INST_B_GMW_PB1_F-599,BE0341_40_INST_B_GMW_PB1_F-599_Linear_Hantush,Linear,Hantush,28.01185325803841,0.23229269117675422,0.1865944312214376,-4934.922900407092,-4907.8613503639535,
BE0341_40_BIT_GMW_PB1_F-616,BE0341_40_BIT_GMW_PB1_F-616_Linear_FourParam,Linear,FourParam,27.604308051529557,0.2759593864364973,0.2323554677759375,-3737.1513668247826,-3705.5795584411208,
BE115_00_INST_B_GMW_PB1_F-495,BE115_00_INST_B_GMW_PB1_F-495_Berendrecht_DoubleExponential,Berendrecht,DoubleExponential,27.57247337236214,0.27105549403013374,0.20367378477725234,-6381.8051334885795,-6338.553630507827,
BE0049_00_BIT_GMW_PB2_F-930,BE0049_00_BIT_GMW_PB2_F-930_FlexModel_Hantush,FlexModel,Hantush,27.249910102020724,0.2720475188382827,0.1089695861481426,-6170.112368902284,-6127.0726403982235,
BE0049_00_BIT_GMW_PB2_F-930,BE0049_00_BIT_GMW_PB2_F-930_Direct_Hantush,Direct,Hantush,27.236240243777697,0.27080091177252796,0.10906285057980199,-6177.396182505358,-6153.485222225325,
BE0049_00_BIT_GMW_PB2_F-930,BE0049_00_BIT_GMW_PB2_F-930_Berendrecht_DoubleExponential,Berendrecht,DoubleExponential,27.071977123733028,0.2687180561432697,0.10921850093161958,-6236.119259673213,-6193.079531169152,
BE0341_40_BIT_GMW_PB1_F-616,BE0341_40_BIT_GMW_PB1_F-616_Direct_FourParam,Direct,FourParam,26.44766831997456,0.26446691295023217,0.23419226111813718,-3738.945227588771,-3711.883677545632,
BE0049_00_INST_B_GMW_PB1_F-365,BE0049_00_INST_B_GMW_PB1_F-365_Direct_Hantush,Direct,Hantush,26.190276173124683,0.2616076975457411,0.1598561576628595,-5263.660601603644,-5239.74964132361,
BE0049_00_BIT_GMW_PB2_F-930,BE0049_00_BIT_GMW_PB2_F-930_Berendrecht_Hantush,Berendrecht,Hantush,25.728014633067055,0.25651982410340735,0.11012564947162935,-6171.9998183584785,-6133.742281910424,
BE0341_40_INST_B_GMW_PB1_F-599,BE0341_40_INST_B_GMW_PB1_F-599_Berendrecht_FourParam,Berendrecht,FourParam,25.68751771865475,0.18974196229049323,0.19169576336522962,-4935.430651225023,-4894.838326160315,
BE0280_00_BIT_GMW_PB1_F-592,BE0280_00_BIT_GMW_PB1_F-592_FlexModel_Gamma,FlexModel,Gamma,25.48337156574756,0.25476275058465814,0.12251131816966512,-4401.406260932545,-4360.800552965742,
BE0049_00_INST_B_GMW_PB1_F-365,BE0049_00_INST_B_GMW_PB1_F-365_Direct_FourParam,Direct,FourParam,24.672044394270465,0.24635700721221754,0.16149854813951323,-5257.823366918853,-5229.130214582812,
BE0280_00_INST_B_GMW_PB1_F-461,BE0280_00_INST_B_GMW_PB1_F-461_Linear_Gamma,Linear,Gamma,24.30608347559722,0.23970708756277537,0.10016115531218563,-5285.383669265416,-5257.443310120346,
BE115_00_BIKR_GMW_PB2_F-1354,BE115_00_BIKR_GMW_PB2_F-1354_Berendrecht_Exponential,Berendrecht,Exponential,23.661149602417954,0.23601386129677404,0.05635296084885748,-1779.4835193429087,-1754.2686875967509,
BE0049_00_BUKR_GMW_PB1_F-229,BE0049_00_BUKR_GMW_PB1_F-229_Berendrecht_Exponential,Berendrecht,Exponential,23.529877366569075,0.23526464553421433,0.12846888765856293,-4131.773739101125,-4098.783045696386,
BE0049_00_BIKR_GMW_PB1_F-227,BE0049_00_BIKR_GMW_PB1_F-227_Linear_Hantush,Linear,Hantush,23.37059488708071,0.23327709507836092,0.14877480439760188,-4212.409210839874,-4184.975515583709,
BE0341_40_BIRK_GMW_PB1_F-1177,BE0341_40_BIRK_GMW_PB1_F-1177_Linear_Exponential,Linear,Exponential,22.691192816443984,0.22673775102221172,0.05461277337331031,-6636.845708745208,-6612.817095978123,
BE0280_00_BIT_GMW_PB1_F-592,BE0280_00_BIT_GMW_PB1_F-592_Berendrecht_Hantush,Berendrecht,Hantush,22.513081160387138,0.224918999572136,0.12494028180528753,-4335.0310857476115,-4298.937123110453,
BE115_00_BUKR_GMW_PB1_F-208,BE115_00_BUKR_GMW_PB1_F-208_Berendrecht_Hantush,Berendrecht,Hantush,22.33737899348477,0.22176838348025685,0.06739480613019974,-981.7813510666494,-957.4857302473404,
BE0280_00_BIT_GMW_PB1_F-592,BE0280_00_BIT_GMW_PB1_F-592_Berendrecht_DoubleExponential,Berendrecht,DoubleExponential,22.248711888511107,0.22185656325805214,0.12518686535906492,-4381.560467227582,-4340.95475926078,
BE115_00_BUKR_GMW_PB1_F-208,BE115_00_BUKR_GMW_PB1_F-208_Linear_FourParam,Linear,FourParam,22.007616533486207,0.21942808399971137,0.06749606495045059,-983.9957949247246,-962.7371267078291,
BE0341_40_BIRK_GMW_PB1_F-1177,BE0341_40_BIRK_GMW_PB1_F-1177_Linear_Gamma,Linear,Gamma,21.96912937764607,0.21951406002069018,0.05486727223598144,-6658.632841761601,-6629.7985064411,
BE0341_40_BIT_GMW_PB1_F-616,BE0341_40_BIT_GMW_PB1_F-616_Linear_Hantush,Linear,Hantush,21.731749051005156,0.21639573021218395,0.24172403199776016,-3737.9586765191702,-3710.897126476031,
BE115_00_BUKR_GMW_PB1_F-208,BE115_00_BUKR_GMW_PB1_F-208_FlexModel_Hantush,FlexModel,Hantush,21.332030743804243,0.21143949106400817,0.06784057262086174,-979.3630357640969,-952.0304623423742,
BE0280_00_INST_B_GMW_PB1_F-461,BE0280_00_INST_B_GMW_PB1_F-461_Berendrecht_Exponential,Berendrecht,Exponential,21.002281544425205,0.20442118188357183,0.10245908194156524,-5166.429296887841,-5133.832211218592,
BE115_00_BUKR_GMW_PB1_F-208,BE115_00_BUKR_GMW_PB1_F-208_Direct_FourParam,Direct,FourParam,20.800158827696645,0.207024988029482,0.06803019944110845,-985.6040568563564,-967.3823412418745,
BE0049_00_BUKR_GMW_PB1_F-229,BE0049_00_BUKR_GMW_PB1_F-229_FlexModel_DoubleExponential,FlexModel,DoubleExponential,20.681516959706247,0.20677782986281856,0.13083977890186585,-4119.511356413061,-4072.38179440629,
BE115_00_BUKR_GMW_PB1_F-208,BE115_00_BUKR_GMW_PB1_F-208_Direct_Hantush,Direct,Hantush,20.39213288326681,0.2029415921274208,0.06820513404083257,-987.5123546945345,-972.3275916824663,
BE0049_00_BIT_GMW_PB2_F-930,BE0049_00_BIT_GMW_PB2_F-930_Berendrecht_Exponential,Berendrecht,Exponential,20.28320099315958,0.19904631655187,0.11430296279202062,-6213.072360196022,-6179.5970158039745,
BE115_00_BUKR_GMW_PB1_F-208,BE115_00_BUKR_GMW_PB1_F-208_Linear_Hantush,Linear,Hantush,20.132265857348653,0.2003810236306086,0.06831460147682353,-985.4805781907271,-967.2588625762453,
BE0049_00_BIT_GMW_PB2_F-930,BE0049_00_BIT_GMW_PB2_F-930_FlexModel_Exponential,FlexModel,Exponential,19.99532936367885,0.19978075598761613,0.11425054536866751,-6228.854678801392,-6190.597142353337,
BE115_00_BUKR_GMW_PB1_F-208,BE115_00_BUKR_GMW_PB1_F-208_Linear_Gamma,Linear,Gamma,19.839009652911578,0.19769432535463127,0.06842927284714091,-1004.6075086491517,-986.3857930346699,
BE0280_00_BIT_GMW_PB1_F-592,BE0280_00_BIT_GMW_PB1_F-592_FlexModel_DoubleExponential,FlexModel,DoubleExponential,19.538913786258426,0.19509312389323208,0.12732150229872222,-4400.633614582424,-4355.516161285977,
BE0280_00_BUKR_GMW_PB1_F-350,BE0280_00_BUKR_GMW_PB1_F-350_Linear_FourParam,Linear,FourParam,19.500654771260585,0.19446783334333506,0.08659408840995168,-4767.852700044586,-4736.116178179052,
BE0341_40_BIT_GMW_PB1_F-616,BE0341_40_BIT_GMW_PB1_F-616_FlexModel_Hantush,FlexModel,Hantush,19.28379516712325,0.19174699368470505,0.24549638261799758,-3731.3582695628047,-3690.7659444980964,
BE0341_40_BIRK_GMW_PB1_F-497,BE0341_40_BIRK_GMW_PB1_F-497_Berendrecht_Exponential,Berendrecht,Exponential,18.990891616399452,0.18981991980288282,0.05447498594034456,-7381.1156340963025,-7347.467828573557,
BE0341_40_BIRK_GMW_PB1_F-497,BE0341_40_BIRK_GMW_PB1_F-497_Berendrecht_DoubleExponential,Berendrecht,DoubleExponential,18.917157089047787,0.18910113779843452,0.054499145358596596,-7376.862300399202,-7333.600836155672,
BE115_00_BUKR_GMW_PB1_F-208,BE115_00_BUKR_GMW_PB1_F-208_Berendrecht_FourParam,Berendrecht,FourParam,18.903892124613485,0.18605680811590497,0.06892377254484917,-978.4767662844868,-951.144192862764,
BE115_00_INST_B_GMW_PB1_F-495,BE115_00_INST_B_GMW_PB1_F-495_Linear_Gamma,Linear,Gamma,18.803729042759098,0.15267731782595617,0.2195898774754417,-6664.201448921809,-6635.367113601307,
BE115_00_BUKR_GMW_PB1_F-208,BE115_00_BUKR_GMW_PB1_F-208_FlexModel_FourParam,FlexModel,FourParam,18.630069330446673,0.18555814106482194,0.06894488258797722,-977.2456500414282,-946.8761240172919,
BE0280_00_BUKR_GMW_PB1_F-350,BE0280_00_BUKR_GMW_PB1_F-350_Linear_Hantush,Linear,Hantush,18.387468737904335,0.18318999340762465,0.08719816099177397,-4769.598643134118,-4742.3959101065175,
BE0049_00_BIT_GMW_PB1_F-550,BE0049_00_BIT_GMW_PB1_F-550_Linear_FourParam,Linear,FourParam,18.2133829288983,0.1651958212412813,0.13679513768455615,-3290.698918944849,-3258.712549001949,
BE115_00_INST_B_GMW_PB1_F-495,BE115_00_INST_B_GMW_PB1_F-495_FlexModel_Hantush,FlexModel,Hantush,17.663710602767345,0.1743137627057577,0.21676812602399076,-6167.28974016354,-6124.038237182787,
BE0049_00_BIKR_GMW_PB1_F-227,BE0049_00_BIKR_GMW_PB1_F-227_Berendrecht_FourParam,Berendrecht,FourParam,17.200956797257128,0.17075736493347182,0.15472161170249074,-4205.732530388378,-4164.5819875041325,
BE115_00_BUKR_GMW_PB1_F-208,BE115_00_BUKR_GMW_PB1_F-208_FlexModel_DoubleExponential,FlexModel,DoubleExponential,16.810145024684754,0.16710512316048176,0.06972155882690421,-989.6356799765015,-959.2661539523651,
BE0280_00_BIT_GMW_PB1_F-592,BE0280_00_BIT_GMW_PB1_F-592_Linear_Gamma,Linear,Gamma,16.589991898723078,0.16511223579350676,0.12967103692155707,-4649.528523723013,-4622.458051745144,
BE0280_00_BIT_GMW_PB1_F-592,BE0280_00_BIT_GMW_PB1_F-592_Direct_Gamma,Direct,Gamma,16.482981083040627,0.16448283471457958,0.12971990559465418,-4601.0914663044805,-4578.532739656257,
BE0341_40_BIT_GMW_PB1_F-616,BE0341_40_BIT_GMW_PB1_F-616_Berendrecht_FourParam,Berendrecht,FourParam,16.07349056119862,0.15899967269581838,0.2504202906483452,-3734.2387298070125,-3693.646404742304,
BE0049_00_BIT_GMW_PB2_F-930,BE0049_00_BIT_GMW_PB2_F-930_Linear_Gamma,Linear,Gamma,15.588625438997294,0.1515838886213393,0.11764087329036868,-6437.496068023148,-6408.802915687107,
BE0049_00_BIT_GMW_PB1_F-550,BE0049_00_BIT_GMW_PB1_F-550_FlexModel_FourParam,FlexModel,FourParam,15.580910333039387,0.1030341841769582,0.1417967574557577,-3315.136970204049,-3269.442155999906,
BE0049_00_INST_B_GMW_PB1_F-365,BE0049_00_INST_B_GMW_PB1_F-365_Berendrecht_FourParam,Berendrecht,FourParam,15.360646004501499,0.1530679459881077,0.1712024891351388,-5253.480551714083,-5210.440823210022,
BE0049_00_BIT_GMW_PB1_F-550,BE0049_00_BIT_GMW_PB1_F-550_Direct_Gamma,Direct,Gamma,15.250440933658481,0.1032013667452717,0.14178354231957666,-3341.889471223319,-3319.0420641212477,
BE115_00_BUKR_GMW_PB1_F-208,BE115_00_BUKR_GMW_PB1_F-208_FlexModel_Exponential,FlexModel,Exponential,15.167266745047215,0.15058499953156956,0.07040961283013873,-992.4342862682362,-968.1386654489271,
BE0049_00_BIT_GMW_PB1_F-550,BE0049_00_BIT_GMW_PB1_F-550_FlexModel_Gamma,FlexModel,Gamma,15.103762800291975,0.09789769585144803,0.14220217851114564,-3316.8900833263506,-3275.764750542622,
BE0049_00_BIT_GMW_PB2_F-930,BE0049_00_BIT_GMW_PB2_F-930_FlexModel_DoubleExponential,FlexModel,DoubleExponential,14.99432916831066,0.14567116128855162,0.11805008918521537,-6285.400478098229,-6237.578557538161,
BE0049_00_BUKR_GMW_PB1_F-229,BE0049_00_BUKR_GMW_PB1_F-229_Direct_DoubleExponential,Direct,DoubleExponential,14.921831383647966,0.1489041043529461,0.1355288108085953,-4206.99579166377,-4178.718054459708,
BE0280_00_BIT_GMW_PB1_F-592,BE0280_00_BIT_GMW_PB1_F-592_Linear_DoubleExponential,Linear,DoubleExponential,14.120666931143798,0.14093586908498956,0.13153512098884015,-4620.7052978698575,-4589.1230805623445,
BE0049_00_BIT_GMW_PB1_F-550,BE0049_00_BIT_GMW_PB1_F-550_Direct_Exponential,Direct,Exponential,13.963333880086271,0.08360316574692384,0.14332440378191913,-3332.223018964806,-3313.945093283149,
BE0280_00_BIT_GMW_PB1_F-592,BE0280_00_BIT_GMW_PB1_F-592_Berendrecht_Exponential,Berendrecht,Exponential,13.944547974395649,0.13879696023906096,0.1316987681016624,-4384.505134762213,-4352.9229174547,
BE115_00_BIKR_GMW_PB2_F-1354,BE115_00_BIKR_GMW_PB2_F-1354_Berendrecht_Gamma,Berendrecht,Gamma,13.791465716696983,0.1360330829976767,0.059927002636902545,-1774.0748764139785,-1745.257925846941,
BE0049_00_BIT_GMW_PB1_F-550,BE0049_00_BIT_GMW_PB1_F-550_Berendrecht_FourParam,Berendrecht,FourParam,13.40380570065063,0.08652582769412986,0.14309566919377723,-3314.763513332657,-3273.6381805489286,
BE0049_00_BIT_GMW_PB1_F-550,BE0049_00_BIT_GMW_PB1_F-550_FlexModel_Hantush,FlexModel,Hantush,13.397409313992991,0.09620199001640484,0.14233576638308526,-3316.168095865171,-3275.0427630814424,
BE0049_00_BIT_GMW_PB1_F-550,BE0049_00_BIT_GMW_PB1_F-550_Berendrecht_Hantush,Berendrecht,Hantush,12.768942332742439,0.08854764226965017,0.14293722291161898,-3317.1913254169754,-3280.635474053661,
BE0280_00_BIT_GMW_PB1_F-592,BE0280_00_BIT_GMW_PB1_F-592_Direct_Exponential,Direct,Exponential,12.50019906492078,0.12330471540298327,0.1328780575737276,-4585.156964932668,-4567.109983614089,
BE115_00_BIKR_GMW_PB2_F-1354,BE115_00_BIKR_GMW_PB2_F-1354_Berendrecht_FourParam,Berendrecht,FourParam,12.141543196654304,0.119252845769518,0.06050616454221747,-1771.5610974671154,-1739.142028079198,
BE0049_00_BIT_GMW_PB1_F-550,BE0049_00_BIT_GMW_PB1_F-550_FlexModel_Exponential,FlexModel,Exponential,11.90248927889902,0.08099086190376847,0.14352854047960326,-3318.216191733039,-3281.6603403697245,
BE0280_00_BUKR_GMW_PB1_F-350,BE0280_00_BUKR_GMW_PB1_F-350_Berendrecht_FourParam,Berendrecht,FourParam,11.85471906557829,0.1166494278660164,0.09068038353269996,-4761.370090124623,-4720.565990583223,
BE0049_00_BIT_GMW_PB1_F-550,BE0049_00_BIT_GMW_PB1_F-550_Direct_FourParam,Direct,FourParam,11.847308843264715,0.06686274892626276,0.14462757926525815,-3344.6019098156708,-3317.185021293185,
BE0280_00_BIT_GMW_PB1_F-592,BE0280_00_BIT_GMW_PB1_F-592_Linear_Exponential,Linear,Exponential,11.826392584173117,0.11809964358005087,0.13327193232662696,-4624.451406134419,-4601.892679486195,
BE0280_00_BUKR_GMW_PB1_F-350,BE0280_00_BUKR_GMW_PB1_F-350_Direct_FourParam,Direct,FourParam,11.53029741064121,0.11454103461115306,0.09078853762649237,-4767.503013188446,-4740.300280160845,
BE0049_00_BUKR_GMW_PB1_F-229,BE0049_00_BUKR_GMW_PB1_F-229_FlexModel_Exponential,FlexModel,Exponential,11.307645019352785,0.11295437963929267,0.13836153056133255,-4111.723680051361,-4074.0200304459445,
BE0049_00_INST_B_GMW_PB1_F-365,BE0049_00_INST_B_GMW_PB1_F-365_FlexModel_Hantush,FlexModel,Hantush,11.260111194629086,0.11201809217838943,0.17530239451716295,-5246.082127149232,-5203.0423986451715,
BE0049_00_INST_B_GMW_PB1_F-365,BE0049_00_INST_B_GMW_PB1_F-365_Berendrecht_Hantush,Berendrecht,Hantush,10.980233173155874,0.10873043294956986,0.17562661399782475,-5247.4972106366695,-5209.239674188615,
BE115_00_INST_B_GMW_PB1_F-495,BE115_00_INST_B_GMW_PB1_F-495_Berendrecht_Hantush,Berendrecht,Hantush,10.600527063323373,0.09788251549288696,0.22657889286201835,-6168.09561427503,-6129.649833847694,
BE0280_00_BUKR_GMW_PB1_F-350,BE0280_00_BUKR_GMW_PB1_F-350_Direct_Hantush,Direct,Hantush,10.295232864535752,0.10228209461940962,0.09141484868063098,-4769.290128625967,-4746.6211844363,
BE0341_40_BIT_GMW_PB1_F-616,BE0341_40_BIT_GMW_PB1_F-616_Berendrecht_Hantush,Berendrecht,Hantush,9.956441924436943,0.0990309559065593,0.25919484966872997,-3731.4491368136887,-3695.3670700895036,
BE0049_00_BUKR_GMW_PB1_F-229,BE0049_00_BUKR_GMW_PB1_F-229_Linear_Gamma,Linear,Gamma,9.881774874133997,0.09839648198361772,0.13949228177110848,-4259.8892192860785,-4231.611482082016,
BE115_00_BUKR_GMW_PB1_F-208,BE115_00_BUKR_GMW_PB1_F-208_Linear_Exponential,Linear,Exponential,9.365068677348088,0.09284784632578691,0.0727632453602798,-989.7334598432365,-974.5486968311683,
BE115_00_BUKR_GMW_PB1_F-208,BE115_00_BUKR_GMW_PB1_F-208_Linear_DoubleExponential,Linear,DoubleExponential,9.339171601069495,0.092593167113169,0.07277345863348757,-985.7352443036186,-964.4765760867232,
BE0341_40_BIRK_GMW_PB1_F-1177,BE0341_40_BIRK_GMW_PB1_F-1177_Linear_FourParam,Linear,FourParam,9.049849120148979,0.09028833870667097,0.05923558863109394,-6440.740024276727,-6407.099966402809,
BE0341_40_BIRK_GMW_PB1_F-1177,BE0341_40_BIRK_GMW_PB1_F-1177_Linear_Hantush,Linear,Hantush,8.917146313784375,0.08895497031725985,0.05927898366744259,-6442.132313271857,-6413.297977951355,
BE0049_00_BIT_GMW_PB1_F-550,BE0049_00_BIT_GMW_PB1_F-550_Berendrecht_Exponential,Berendrecht,Exponential,8.445250984011466,0.051976044190041426,0.14577666470902312,-3372.0085115212287,-3340.0221415783285,
BE0049_00_BUKR_GMW_PB1_F-229,BE0049_00_BUKR_GMW_PB1_F-229_Direct_Gamma,Direct,Gamma,7.79717483510437,0.07747675967363066,0.14110130728397716,-4239.498069590401,-4215.933288587016,
BE0049_00_BUKR_GMW_PB1_F-229,BE0049_00_BUKR_GMW_PB1_F-229_Direct_FourParam,Direct,FourParam,7.614420785240384,0.07563710917008137,0.14124192586113374,-4237.466561170272,-4209.188823966209,
BE0341_40_INST_B_GMW_PB1_F-599,BE0341_40_INST_B_GMW_PB1_F-599_FlexModel_Hantush,FlexModel,Hantush,7.460113032495941,0.0020987550235697094,0.21273778004510932,-4926.858243518069,-4886.26591845336,
BE115_00_BUKR_GMW_PB1_F-208,BE115_00_BUKR_GMW_PB1_F-208_FlexModel_Gamma,FlexModel,Gamma,7.385153814500711,0.07205284572166692,0.07359250994448224,-994.3850010580243,-967.0524276363016,
BE0049_00_BUKR_GMW_PB1_F-229,BE0049_00_BUKR_GMW_PB1_F-229_Linear_Exponential,Linear,Exponential,6.491473967079619,0.06455245899557416,0.14208626507940164,-4221.270998248061,-4197.706217244676,
BE0049_00_BIT_GMW_PB1_F-550,BE0049_00_BIT_GMW_PB1_F-550_Direct_DoubleExponential,Direct,DoubleExponential,6.240842538687175,0.014071083468076728,0.14866240551533272,-3328.9139481026214,-3301.4970595801356,
BE0341_40_BIRK_GMW_PB1_F-1177,BE0341_40_BIRK_GMW_PB1_F-1177_FlexModel_Gamma,FlexModel,Gamma,6.122118157941814,0.06104100525051526,0.06018027124263981,-6434.849136242237,-6391.597633261485,
BE0049_00_BIT_GMW_PB1_F-550,BE0049_00_BIT_GMW_PB1_F-550_Berendrecht_DoubleExponential,Berendrecht,DoubleExponential,5.912399895383691,0.02795745233033886,0.14761177114366325,-3376.3460078881444,-3335.220675104416,
BE0280_00_BUKR_GMW_PB1_F-350,BE0280_00_BUKR_GMW_PB1_F-350_Berendrecht_Gamma,Berendrecht,Gamma,5.57099926327872,0.05451699495921469,0.09381529842770893,-4761.914497883485,-4725.644187180018,
BE0280_00_BUKR_GMW_PB1_F-350,BE0280_00_BUKR_GMW_PB1_F-350_FlexModel_FourParam,FlexModel,FourParam,5.349056322571122,0.05230880746040989,0.09392478794359212,-4758.049284925942,-4712.711396546609,
BE0049_00_BUKR_GMW_PB1_F-229,BE0049_00_BUKR_GMW_PB1_F-229_Direct_Exponential,Direct,Exponential,4.881156133055098,0.04829392085841444,0.14331571056912776,-4204.59917264399,-4185.747347841281,
BE115_00_BIKR_GMW_PB2_F-1354,BE115_00_BIKR_GMW_PB2_F-1354_Berendrecht_Hantush,Berendrecht,Hantush,4.744700866897977,0.04324834417907808,0.06306285248315087,-1771.3453530029224,-1742.5284024358848,
BE0341_40_BIRK_GMW_PB1_F-1177,BE0341_40_BIRK_GMW_PB1_F-1177_FlexModel_Hantush,FlexModel,Hantush,4.7347749216485,0.04713867238145619,0.060624152186622066,-6433.78624185779,-6390.534738877037,
BE0341_40_BIRK_GMW_PB1_F-1177,BE0341_40_BIRK_GMW_PB1_F-1177_FlexModel_Exponential,FlexModel,Exponential,4.486790694183529,0.04467347378594355,0.060702523525891075,-6435.584169731128,-6397.138389303792,
BE0341_40_BIRK_GMW_PB1_F-1177,BE0341_40_BIRK_GMW_PB1_F-1177_FlexModel_FourParam,FlexModel,FourParam,4.255154924511039,0.04238829524716958,0.060775081570539534,-6455.0409722334225,-6406.983746699253,
BE0049_00_BIT_GMW_PB1_F-550,BE0049_00_BIT_GMW_PB1_F-550_Berendrecht_Gamma,Berendrecht,Gamma,3.6308195395164278,0.00028277637783258314,0.14969832497893537,-3317.83652360869,-3281.2806722453756,
BE0280_00_BIT_GMW_PB1_F-592,BE0280_00_BIT_GMW_PB1_F-592_Berendrecht_Gamma,Berendrecht,Gamma,3.6186432356296594,0.0359576365173232,0.13934038141347696,-4332.593640776585,-4296.499678139427,
BE0341_40_BIRK_GMW_PB1_F-497,BE0341_40_BIRK_GMW_PB1_F-497_Linear_Exponential,Linear,Exponential,2.617966441612074,0.026176479277977283,0.05972366850163487,-7555.870773145797,-7531.8366263438365,
BE0341_40_BIRK_GMW_PB1_F-1177,BE0341_40_BIRK_GMW_PB1_F-1177_Berendrecht_Hantush,Berendrecht,Hantush,1.7030888741782824,0.016852138796283667,0.06158007973778124,-6434.377130602075,-6395.931350174739,
BE0280_00_BIKR_GMW_PB1_F-346,BE0280_00_BIKR_GMW_PB1_F-346_FlexModel_Exponential,FlexModel,Exponential,8.340587587252202e-06,-28.875722796160495,0.05904544229943709,-11390.291493838116,-11353.309603246518,
BE0280_00_BUKR_GMW_PB1_F-350,BE0280_00_BUKR_GMW_PB1_F-350_Direct_DoubleExponential,Direct,DoubleExponential,0.0,-0.01374846477987357,0.09714308821458582,-4862.476979281586,-4835.274246253986,
BE115_00_BUKR_GMW_PB1_F-208,BE115_00_BUKR_GMW_PB1_F-208_Direct_Gamma,Direct,Gamma,0.0,-0.2236602796674847,0.08450889528385579,-1000.1026167890535,-984.9178537769853,
BE0280_00_BIKR_GMW_PB1_F-346,BE0280_00_BIKR_GMW_PB1_F-346_Linear_Gamma,Linear,Gamma,0.0,-29.568519490325116,0.059726129589866096,-11423.326458248981,-11395.590040305282,
BE0280_00_BIKR_GMW_PB1_F-346,BE0280_00_BIKR_GMW_PB1_F-346_Linear_Exponential,Linear,Exponential,0.0,-28.37369285313706,0.058547242378159295,-11397.181383659483,-11374.067702039734,
BE0280_00_BIKR_GMW_PB1_F-346,BE0280_00_BIKR_GMW_PB1_F-346_FlexModel_Gamma,FlexModel,Gamma,0.0,-28.836730978315998,0.05900689861572621,-11422.265595439265,-11380.660968523716,
BE0280_00_BIKR_GMW_PB1_F-346,BE0280_00_BIKR_GMW_PB1_F-346_Linear_DoubleExponential,Linear,DoubleExponential,0.0,-27.574327513614584,0.05774510544362766,-11396.859635793775,-11364.500481526125,
BE0280_00_BIKR_GMW_PB1_F-346,BE0280_00_BIKR_GMW_PB1_F-346_Linear_Hantush,Linear,Hantush,0.0,-22.47327356019603,0.05233762361582091,-11445.245148040953,-11417.508730097254,
BE0280_00_BIKR_GMW_PB1_F-346,BE0280_00_BIKR_GMW_PB1_F-346_Linear_FourParam,Linear,FourParam,0.0,-1.3443935086292278,0.016540263528905252,-11622.386169214124,-11590.027014946474,
BE0280_00_BIKR_GMW_PB1_F-346,BE0280_00_BIKR_GMW_PB1_F-346_FlexModel_FourParam,FlexModel,FourParam,0.0,-15.849165968823193,0.0443421119123918,-11481.60723109708,-11435.37986785758,
BE0280_00_BIKR_GMW_PB1_F-346,BE0280_00_BIKR_GMW_PB1_F-346_FlexModel_Hantush,FlexModel,Hantush,0.0,-28.39378380115485,0.05856726145683499,-11389.697290183638,-11348.09266326809,
BE0280_00_BIKR_GMW_PB1_F-346,BE0280_00_BIKR_GMW_PB1_F-346_FlexModel_DoubleExponential,FlexModel,DoubleExponential,0.0,-24.97137533831027,0.05505219556221331,-11429.295801935652,-11383.068438696153,
BE0280_00_BIKR_GMW_PB1_F-346,BE0280_00_BIKR_GMW_PB1_F-346_Berendrecht_Exponential,Berendrecht,Exponential,0.0,-28.8408112864241,0.05901093320812378,-11392.280072355568,-11359.920918087919,
BE0280_00_BIKR_GMW_PB1_F-346,BE0280_00_BIKR_GMW_PB1_F-346_Berendrecht_Hantush,Berendrecht,Hantush,0.0,-26.371425042139688,0.05651658007149671,-11394.930948920033,-11357.949058328435,
BE0280_00_BIKR_GMW_PB1_F-346,BE0280_00_BIKR_GMW_PB1_F-346_Berendrecht_DoubleExponential,Berendrecht,DoubleExponential,0.0,-24.66091254696556,0.05472215827579776,-11448.514747760446,-11406.910120844897,
BE0280_00_BIKR_GMW_PB1_F-346,BE0280_00_BIKR_GMW_PB1_F-346_Berendrecht_Gamma,Berendrecht,Gamma,0.0,-26.308153279847794,0.056451220439687595,-11442.670782692623,-11405.688892101025,
BE0280_00_BIKR_GMW_PB1_F-346,BE0280_00_BIKR_GMW_PB1_F-346_Berendrecht_FourParam,Berendrecht,FourParam,0.0,-6.151285000183971,0.028888115563286677,-11543.83313228141,-11502.228505365862,
BE115_00_BUKR_GMW_PB1_F-208,BE115_00_BUKR_GMW_PB1_F-208_Direct_Exponential,Direct,Exponential,0.0,-0.001211052053067485,0.07644248744432422,-985.6443023195419,-973.4964919098874,
BE0280_00_BUKR_GMW_PB1_F-350,BE0280_00_BUKR_GMW_PB1_F-350_FlexModel_Exponential,FlexModel,Exponential,0.0,-0.0010724039017744325,0.09653383188751498,-4760.619931018353,-4724.349620314886,
BE0280_00_BUKR_GMW_PB1_F-350,BE0280_00_BUKR_GMW_PB1_F-350_Linear_Gamma,Linear,Gamma,0.0,-0.0074614135025454775,0.09684138938538042,-4864.427477492812,-4837.224744465211,
BE0280_00_BUKR_GMW_PB1_F-350,BE0280_00_BUKR_GMW_PB1_F-350_FlexModel_Hantush,FlexModel,Hantush,0.0,-0.0012485468639289454,0.09654232428383192,-4758.617932150802,-4717.813832609401,
BE0280_00_BUKR_GMW_PB1_F-350,BE0280_00_BUKR_GMW_PB1_F-350_Berendrecht_Exponential,Berendrecht,Exponential,0.0,-0.0010714794473547506,0.09653378731474092,-4762.619962977217,-4730.883441111684,
BE0280_00_BIT_GMW_PB1_F-592,BE0280_00_BIT_GMW_PB1_F-592_FlexModel_Exponential,FlexModel,Exponential,0.0,-0.7476536770095799,0.1876102763307066,-4365.241132297223,-4329.147169660065,
BE0280_00_BUKR_GMW_PB1_F-350,BE0280_00_BUKR_GMW_PB1_F-350_Linear_DoubleExponential,Linear,DoubleExponential,0.0,-0.00884151810240108,0.09690769738726848,-4860.98656936806,-4829.250047502527,
BE0280_00_BUKR_GMW_PB1_F-350,BE0280_00_BUKR_GMW_PB1_F-350_Linear_Exponential,Linear,Exponential,0.0,-0.00889488477760736,0.09691026051196489,-4865.019341599803,-4842.350397410136,
BE0280_00_BUKR_GMW_PB1_F-350,BE0280_00_BUKR_GMW_PB1_F-350_FlexModel_DoubleExponential,FlexModel,DoubleExponential,0.0,-0.0010708588746846104,0.096533757393681,-4756.619962979159,-4711.282074599825,
BE0280_00_BUKR_GMW_PB1_F-350,BE0280_00_BUKR_GMW_PB1_F-350_Berendrecht_DoubleExponential,Berendrecht,DoubleExponential,0.0,-0.0010708692445946522,0.09653375789366879,-4758.619962979191,-4717.8158634377905,
BE0280_00_BUKR_GMW_PB1_F-350,BE0280_00_BUKR_GMW_PB1_F-350_Direct_Exponential,Direct,Exponential,0.0,-0.013700641445626438,0.09714079683692647,-4866.492738697231,-4848.357583345498,
BE0280_00_BUKR_GMW_PB1_F-350,BE0280_00_BUKR_GMW_PB1_F-350_Direct_Gamma,Direct,Gamma,0.0,-0.010504815270478973,0.09698755131510679,-4866.246312104967,-4843.5773679153,
BE115_00_BUKR_GMW_PB1_F-208,BE115_00_BUKR_GMW_PB1_F-208_Berendrecht_Gamma,Berendrecht,Gamma,0.0,-0.17209247804736338,0.08270903095262475,-993.8709834110645,-969.5753625917554,
BE115_00_BUKR_GMW_PB1_F-208,BE115_00_BUKR_GMW_PB1_F-208_Berendrecht_Exponential,Berendrecht,Exponential,0.0,-0.17189023307234041,0.08270189490838839,-995.8752754846656,-974.6166072677702,
BE0049_00_BIKR_GMW_PB1_F-227,BE0049_00_BIKR_GMW_PB1_F-227_FlexModel_DoubleExponential,FlexModel,DoubleExponential,0.0,-0.5780002195298766,0.2134340467953048,-4261.111003539375,-4215.388178112435,
BE115_00_BUKR_GMW_PB1_F-208,BE115_00_BUKR_GMW_PB1_F-208_Berendrecht_DoubleExponential,Berendrecht,DoubleExponential,0.0,-0.134685037973167,0.08137849563650183,-991.9571230508035,-964.6245496290808,
BE115_00_BUKR_GMW_PB1_F-208,BE115_00_BUKR_GMW_PB1_F-208_Direct_DoubleExponential,Direct,DoubleExponential,0.0,-0.0956458599328669,0.07996631697680148,-984.3361404706335,-966.1144248561517,
BE0341_40_INST_B_GMW_PB1_F-599,BE0341_40_INST_B_GMW_PB1_F-599_Berendrecht_Hantush,Berendrecht,Hantush,0.0,-0.14134702297251978,0.22751482246008442,-4927.787752755456,-4891.7056860312705,
BE0049_00_BIT_GMW_PB1_F-550,BE0049_00_BIT_GMW_PB1_F-550_Direct_Hantush,Direct,Hantush,0.0,-0.2980714453357478,0.1705798200670544,-3345.025554249959,-3322.1781471478876,
BE0341_40_BIRK_GMW_PB1_F-1177,BE0341_40_BIRK_GMW_PB1_F-1177_Berendrecht_DoubleExponential,Berendrecht,DoubleExponential,0.0,-0.00015715472543309517,0.062110489297922185,-6431.607743612509,-6388.356240631756,
BE0341_40_BIRK_GMW_PB1_F-1177,BE0341_40_BIRK_GMW_PB1_F-1177_FlexModel_DoubleExponential,FlexModel,DoubleExponential,0.0,-0.00015720161473997685,0.062110490753852256,-6429.607743614396,-6381.5505180802265,
BE0341_40_BIRK_GMW_PB1_F-1177,BE0341_40_BIRK_GMW_PB1_F-1177_Berendrecht_Exponential,Berendrecht,Exponential,0.0,-0.00015720399121366135,0.06211049082764263,-6435.607743475596,-6401.967685601678,
BE0341_40_BIRK_GMW_PB1_F-1177,BE0341_40_BIRK_GMW_PB1_F-1177_Berendrecht_Gamma,Berendrecht,Gamma,0.0,-0.000157223241299409,0.0621104914253648,-6433.607743609487,-6395.161963182151,
BE0341_40_BIRK_GMW_PB1_F-497,BE0341_40_BIRK_GMW_PB1_F-497_Berendrecht_Gamma,Berendrecht,Gamma,0.0,-0.26613867940053115,0.06809998001505894,-7358.132811769476,-7319.678176886338,
BE0341_40_BIRK_GMW_PB1_F-1177,BE0341_40_BIRK_GMW_PB1_F-1177_Berendrecht_FourParam,Berendrecht,FourParam,0.0,-0.0001572022543303575,0.06211049077371178,-6431.607743614397,-6388.356240633644,
BE0341_40_INST_B_GMW_PB1_F-599,BE0341_40_INST_B_GMW_PB1_F-599_FlexModel_FourParam,FlexModel,FourParam,0.0,-0.3578515059808167,0.24815725693261237,-4926.351800661242,-4881.2492172560105,
BE0049_00_BIT_GMW_PB1_F-550,BE0049_00_BIT_GMW_PB1_F-550_Linear_DoubleExponential,Linear,DoubleExponential,0.0,-0.2458392476208695,0.16711266221574764,-3335.179203036259,-3303.192833093359,
BE0049_00_BIT_GMW_PB1_F-550,BE0049_00_BIT_GMW_PB1_F-550_Linear_Gamma,Linear,Gamma,0.0,-0.07683969023390769,0.15536524739548052,-3350.5980047984062,-3323.1811162759204,
BE115_00_BIKR_GMW_PB1_F-334,BE115_00_BIKR_GMW_PB1_F-334_Direct_Exponential,Direct,Exponential,0.0,-0.2939044364933172,0.108759732854694,-1995.1962983233934,-1980.7878230398746,
BE0049_00_BIT_GMW_PB1_F-550,BE0049_00_BIT_GMW_PB1_F-550_Linear_Hantush,Linear,Hantush,0.0,-0.1859158329750532,0.1630441749121581,-3356.614431205611,-3329.197542683125,
BE0049_00_BIT_GMW_PB1_F-550,BE0049_00_BIT_GMW_PB1_F-550_Linear_Exponential,Linear,Exponential,0.0,-0.2508462546086003,0.16744813697662447,-3339.144278374616,-3316.2968712725446,
BE0049_00_BIT_GMW_PB1_F-550,BE0049_00_BIT_GMW_PB1_F-550_FlexModel_DoubleExponential,FlexModel,DoubleExponential,0.0,-0.5716730284008447,0.18769791735887797,-3292.8410263827773,-3247.1462121786344,
BE0280_00_BIKR_GMW_PB1_F-346,BE0280_00_BIKR_GMW_PB1_F-346_Direct_Exponential,Direct,Exponential,,,,,,"Time Series 'None': cannot be extended into future to 2025-07-23 00:00:00 as 'fill_after' method is 'None'. Provide settings to stress model, e.g. `ps.StressModel(stress, settings='prec')`."
BE0280_00_BIKR_GMW_PB1_F-346,BE0280_00_BIKR_GMW_PB1_F-346_Direct_Gamma,Direct,Gamma,,,,,,"Time Series 'None': cannot be extended into future to 2025-07-23 00:00:00 as 'fill_after' method is 'None'. Provide settings to stress model, e.g. `ps.StressModel(stress, settings='prec')`."
BE0280_00_BIKR_GMW_PB1_F-346,BE0280_00_BIKR_GMW_PB1_F-346_Direct_DoubleExponential,Direct,DoubleExponential,,,,,,"Time Series 'None': cannot be extended into future to 2025-07-23 00:00:00 as 'fill_after' method is 'None'. Provide settings to stress model, e.g. `ps.StressModel(stress, settings='prec')`."
BE0280_00_BIKR_GMW_PB1_F-346,BE0280_00_BIKR_GMW_PB1_F-346_Direct_Hantush,Direct,Hantush,,,,,,"Time Series 'None': cannot be extended into future to 2025-07-23 00:00:00 as 'fill_after' method is 'None'. Provide settings to stress model, e.g. `ps.StressModel(stress, settings='prec')`."
BE0280_00_BIKR_GMW_PB1_F-346,BE0280_00_BIKR_GMW_PB1_F-346_Direct_FourParam,Direct,FourParam,,,,,,"Time Series 'None': cannot be extended into future to 2025-07-23 00:00:00 as 'fill_after' method is 'None'. Provide settings to stress model, e.g. `ps.StressModel(stress, settings='prec')`."
BE0280_00_INST_B_GMW_PB1_F-461,BE0280_00_INST_B_GMW_PB1_F-461_Direct_Exponential,Direct,Exponential,,,,,,"Time Series 'None': cannot be extended into future to 2025-07-23 00:00:00 as 'fill_after' method is 'None'. Provide settings to stress model, e.g. `ps.StressModel(stress, settings='prec')`."
BE0280_00_INST_B_GMW_PB1_F-461,BE0280_00_INST_B_GMW_PB1_F-461_Direct_Gamma,Direct,Gamma,,,,,,"Time Series 'None': cannot be extended into future to 2025-07-23 00:00:00 as 'fill_after' method is 'None'. Provide settings to stress model, e.g. `ps.StressModel(stress, settings='prec')`."
BE0280_00_INST_B_GMW_PB1_F-461,BE0280_00_INST_B_GMW_PB1_F-461_Direct_DoubleExponential,Direct,DoubleExponential,,,,,,"Time Series 'None': cannot be extended into future to 2025-07-23 00:00:00 as 'fill_after' method is 'None'. Provide settings to stress model, e.g. `ps.StressModel(stress, settings='prec')`."
BE0280_00_INST_B_GMW_PB1_F-461,BE0280_00_INST_B_GMW_PB1_F-461_Direct_Hantush,Direct,Hantush,,,,,,"Time Series 'None': cannot be extended into future to 2025-07-23 00:00:00 as 'fill_after' method is 'None'. Provide settings to stress model, e.g. `ps.StressModel(stress, settings='prec')`."
BE0280_00_INST_B_GMW_PB1_F-461,BE0280_00_INST_B_GMW_PB1_F-461_Direct_FourParam,Direct,FourParam,,,,,,"Time Series 'None': cannot be extended into future to 2025-07-23 00:00:00 as 'fill_after' method is 'None'. Provide settings to stress model, e.g. `ps.StressModel(stress, settings='prec')`."
BE0341_40_BIRK_GMW_PB1_F-1177,BE0341_40_BIRK_GMW_PB1_F-1177_Direct_Exponential,Direct,Exponential,,,,,,"Time Series 'None': cannot be extended into future to 2025-07-22 00:00:00 as 'fill_after' method is 'None'. Provide settings to stress model, e.g. `ps.StressModel(stress, settings='prec')`."
BE0341_40_BIRK_GMW_PB1_F-1177,BE0341_40_BIRK_GMW_PB1_F-1177_Direct_Gamma,Direct,Gamma,,,,,,"Time Series 'None': cannot be extended into future to 2025-07-22 00:00:00 as 'fill_after' method is 'None'. Provide settings to stress model, e.g. `ps.StressModel(stress, settings='prec')`."
BE0341_40_BIRK_GMW_PB1_F-1177,BE0341_40_BIRK_GMW_PB1_F-1177_Direct_DoubleExponential,Direct,DoubleExponential,,,,,,"Time Series 'None': cannot be extended into future to 2025-07-22 00:00:00 as 'fill_after' method is 'None'. Provide settings to stress model, e.g. `ps.StressModel(stress, settings='prec')`."
BE0341_40_BIRK_GMW_PB1_F-1177,BE0341_40_BIRK_GMW_PB1_F-1177_Direct_Hantush,Direct,Hantush,,,,,,"Time Series 'None': cannot be extended into future to 2025-07-22 00:00:00 as 'fill_after' method is 'None'. Provide settings to stress model, e.g. `ps.StressModel(stress, settings='prec')`."
BE0341_40_BIRK_GMW_PB1_F-1177,BE0341_40_BIRK_GMW_PB1_F-1177_Direct_FourParam,Direct,FourParam,,,,,,"Time Series 'None': cannot be extended into future to 2025-07-22 00:00:00 as 'fill_after' method is 'None'. Provide settings to stress model, e.g. `ps.StressModel(stress, settings='prec')`."
BE0341_40_BIRK_GMW_PB1_F-497,BE0341_40_BIRK_GMW_PB1_F-497_Direct_Exponential,Direct,Exponential,,,,,,"Time Series 'None': cannot be extended into future to 2025-07-23 00:00:00 as 'fill_after' method is 'None'. Provide settings to stress model, e.g. `ps.StressModel(stress, settings='prec')`."
BE0341_40_BIRK_GMW_PB1_F-497,BE0341_40_BIRK_GMW_PB1_F-497_Direct_Gamma,Direct,Gamma,,,,,,"Time Series 'None': cannot be extended into future to 2025-07-23 00:00:00 as 'fill_after' method is 'None'. Provide settings to stress model, e.g. `ps.StressModel(stress, settings='prec')`."
BE0341_40_BIRK_GMW_PB1_F-497,BE0341_40_BIRK_GMW_PB1_F-497_Direct_DoubleExponential,Direct,DoubleExponential,,,,,,"Time Series 'None': cannot be extended into future to 2025-07-23 00:00:00 as 'fill_after' method is 'None'. Provide settings to stress model, e.g. `ps.StressModel(stress, settings='prec')`."
BE0341_40_BIRK_GMW_PB1_F-497,BE0341_40_BIRK_GMW_PB1_F-497_Direct_Hantush,Direct,Hantush,,,,,,"Time Series 'None': cannot be extended into future to 2025-07-23 00:00:00 as 'fill_after' method is 'None'. Provide settings to stress model, e.g. `ps.StressModel(stress, settings='prec')`."
BE0341_40_BIRK_GMW_PB1_F-497,BE0341_40_BIRK_GMW_PB1_F-497_Direct_FourParam,Direct,FourParam,,,,,,"Time Series 'None': cannot be extended into future to 2025-07-23 00:00:00 as 'fill_after' method is 'None'. Provide settings to stress model, e.g. `ps.StressModel(stress, settings='prec')`."
BE115_00_BIT_GMW_PB1_F-549,BE115_00_BIT_GMW_PB1_F-549_Linear_Exponential,Linear,Exponential,,,,,,Need at least 3 dates to infer frequency
BE115_00_BIT_GMW_PB1_F-549,BE115_00_BIT_GMW_PB1_F-549_Linear_Gamma,Linear,Gamma,,,,,,Need at least 3 dates to infer frequency
BE115_00_BIT_GMW_PB1_F-549,BE115_00_BIT_GMW_PB1_F-549_Linear_DoubleExponential,Linear,DoubleExponential,,,,,,Need at least 3 dates to infer frequency
BE115_00_BIT_GMW_PB1_F-549,BE115_00_BIT_GMW_PB1_F-549_Linear_Hantush,Linear,Hantush,,,,,,Need at least 3 dates to infer frequency
BE115_00_BIT_GMW_PB1_F-549,BE115_00_BIT_GMW_PB1_F-549_Linear_FourParam,Linear,FourParam,,,,,,Need at least 3 dates to infer frequency
BE115_00_BIT_GMW_PB1_F-549,BE115_00_BIT_GMW_PB1_F-549_FlexModel_Exponential,FlexModel,Exponential,,,,,,Need at least 3 dates to infer frequency
BE115_00_BIT_GMW_PB1_F-549,BE115_00_BIT_GMW_PB1_F-549_FlexModel_Gamma,FlexModel,Gamma,,,,,,Need at least 3 dates to infer frequency
BE115_00_BIT_GMW_PB1_F-549,BE115_00_BIT_GMW_PB1_F-549_FlexModel_DoubleExponential,FlexModel,DoubleExponential,,,,,,Need at least 3 dates to infer frequency
BE115_00_BIT_GMW_PB1_F-549,BE115_00_BIT_GMW_PB1_F-549_FlexModel_Hantush,FlexModel,Hantush,,,,,,Need at least 3 dates to infer frequency
BE115_00_BIT_GMW_PB1_F-549,BE115_00_BIT_GMW_PB1_F-549_FlexModel_FourParam,FlexModel,FourParam,,,,,,Need at least 3 dates to infer frequency
BE115_00_BIT_GMW_PB1_F-549,BE115_00_BIT_GMW_PB1_F-549_Berendrecht_Exponential,Berendrecht,Exponential,,,,,,Need at least 3 dates to infer frequency
BE115_00_BIT_GMW_PB1_F-549,BE115_00_BIT_GMW_PB1_F-549_Berendrecht_Gamma,Berendrecht,Gamma,,,,,,Need at least 3 dates to infer frequency
BE115_00_BIT_GMW_PB1_F-549,BE115_00_BIT_GMW_PB1_F-549_Berendrecht_DoubleExponential,Berendrecht,DoubleExponential,,,,,,Need at least 3 dates to infer frequency
BE115_00_BIT_GMW_PB1_F-549,BE115_00_BIT_GMW_PB1_F-549_Berendrecht_Hantush,Berendrecht,Hantush,,,,,,Need at least 3 dates to infer frequency
BE115_00_BIT_GMW_PB1_F-549,BE115_00_BIT_GMW_PB1_F-549_Berendrecht_FourParam,Berendrecht,FourParam,,,,,,Need at least 3 dates to infer frequency
BE115_00_BIT_GMW_PB1_F-549,BE115_00_BIT_GMW_PB1_F-549_Direct_Exponential,Direct,Exponential,,,,,,Need at least 3 dates to infer frequency
BE115_00_BIT_GMW_PB1_F-549,BE115_00_BIT_GMW_PB1_F-549_Direct_Gamma,Direct,Gamma,,,,,,Need at least 3 dates to infer frequency
BE115_00_BIT_GMW_PB1_F-549,BE115_00_BIT_GMW_PB1_F-549_Direct_DoubleExponential,Direct,DoubleExponential,,,,,,Need at least 3 dates to infer frequency
BE115_00_BIT_GMW_PB1_F-549,BE115_00_BIT_GMW_PB1_F-549_Direct_Hantush,Direct,Hantush,,,,,,Need at least 3 dates to infer frequency
BE115_00_BIT_GMW_PB1_F-549,BE115_00_BIT_GMW_PB1_F-549_Direct_FourParam,Direct,FourParam,,,,,,Need at least 3 dates to infer frequency
BE115_00_INST_B_GMW_PB1_F-495,BE115_00_INST_B_GMW_PB1_F-495_Direct_Exponential,Direct,Exponential,,,,,,"Time Series 'None': cannot be extended into future to 2025-07-22 00:00:00 as 'fill_after' method is 'None'. Provide settings to stress model, e.g. `ps.StressModel(stress, settings='prec')`."
BE115_00_INST_B_GMW_PB1_F-495,BE115_00_INST_B_GMW_PB1_F-495_Direct_Gamma,Direct,Gamma,,,,,,"Time Series 'None': cannot be extended into future to 2025-07-22 00:00:00 as 'fill_after' method is 'None'. Provide settings to stress model, e.g. `ps.StressModel(stress, settings='prec')`."
BE115_00_INST_B_GMW_PB1_F-495,BE115_00_INST_B_GMW_PB1_F-495_Direct_DoubleExponential,Direct,DoubleExponential,,,,,,"Time Series 'None': cannot be extended into future to 2025-07-22 00:00:00 as 'fill_after' method is 'None'. Provide settings to stress model, e.g. `ps.StressModel(stress, settings='prec')`."
BE115_00_INST_B_GMW_PB1_F-495,BE115_00_INST_B_GMW_PB1_F-495_Direct_Hantush,Direct,Hantush,,,,,,"Time Series 'None': cannot be extended into future to 2025-07-22 00:00:00 as 'fill_after' method is 'None'. Provide settings to stress model, e.g. `ps.StressModel(stress, settings='prec')`."
BE115_00_INST_B_GMW_PB1_F-495,BE115_00_INST_B_GMW_PB1_F-495_Direct_FourParam,Direct,FourParam,,,,,,"Time Series 'None': cannot be extended into future to 2025-07-22 00:00:00 as 'fill_after' method is 'None'. Provide settings to stress model, e.g. `ps.StressModel(stress, settings='prec')`."
